spotsID,spotsName,spotsVisitCount
12711,德钦,4712
12711,景洪,3986
12711,虎跳峡,1423
12711,瑞丽,2828
12711,建水,2234
12711,玉溪,3161
12711,石林,1732
12711,楚雄,4530
12711,东川,2096
12711,丽江,38435
12711,大理,28755
12711,昆明,33606
12711,泸沽湖,13829
12711,香格里拉,17396
12711,西双版纳,8531
12711,腾冲,4830
12711,双廊,7305
12711,束河,15588
12711,保山,2688
12711,文山,2011
12711,怒江,2827
12711,德宏,2267
12711,曲靖,3027
12711,普洱,3060
12711,弥勒,1186
12711,澄江,2585
12711,和顺,1774
12711,昭通,2243
12711,沙溪,1238
12711,芒市,1370
12711,喜洲,1271
12711,玉龙纳西族自治县,1463
12711,丙中洛,1666
12711,坝美,1334
12711,哈巴雪山,1394
12711,临沧,1904
12711,玉龙雪山,1954
12711,雨崩,3082
12711,迪庆,6737
12711,普者黑,1962
12711,梅里雪山,6572
12711,罗平,3159
12711,元阳,2913
12711,红河,2370
12711,宁蒗彝族自治县,1492
12711,丘北,1458
12711,元谋,1288
12711,诺邓,1099
12711,巍山,1116
12711,蒙自,1435
12711,会泽,1412
12711,剑川,1323
12711,河口瑶族自治县,1223
12711,昆明安宁,1542
12711,禄劝,1404
12711,勐腊,1680
12711,宜良,1444
12711,个旧,1074
12711,白沙古镇,1199
12711,宾川,1215
12711,黑井古镇,1414
12711,洱源,1559
12711,勐海,1327
12711,碧色寨,1358
12711,南涧,1213
12711,云南江城,1180
12711,贡山独龙族怒族自治县,1502
12711,挖色镇,1418
12711,西盟,1458
12711,打洛,1143
12711,官渡古镇,1500
12711,鹤庆,1153
12711,泸西,1171
12711,云龙,1348
12711,澜沧,1117
12711,盈江,1496
12711,禄丰,1400
12711,石鼓镇,1145
12711,江川,1146
12711,维西,1068
12711,石屏,1478
12711,宣威,1267
12711,大理新华村,1149
12711,通海,1363
12711,寻甸,1180
12711,云南马龙,1234
12711,龙陵,1250
12711,晋宁,1300
12711,陆良,1248
12711,金平,1152
12711,元江,1387
12711,孟连,1322
12711,禄充,1290
12711,嵩明,1103
12711,泸水,1213
12711,峨山,1207
12711,福贡,1313
12711,大姚,1490
12711,大关,1352
12711,麻栗坡,1025
12711,师宗,1386
12711,八宝,1344
12711,屏边苗族自治县,1349
12711,弥渡,1348
12711,祥云县,1107
12711,勐仑,1234
12711,鸡街,1021
12711,富源,1292
12711,尼汝,1285
12711,开远,1528
12711,呈贡,1175
12711,墨江,1264
12711,广南,1243
12711,武定,1189
12711,沧源,1286
12711,思茅,1464
12711,新平,1457
12711,固东镇,1190
12711,宁洱,1412
12711,漾濞,1505
12711,草海镇,1458
12711,沾益,1482
12711,双江,1261
12711,富民,1499
12711,华宁,1005
12711,易门,1461
12703,成都,41572
12703,稻城,4610
12703,九寨沟,19709
12703,色达,2841
12703,峨眉山,14156
12703,亚丁,2226
12703,甘孜,4194
12703,川西,1118
12703,都江堰,15645
12711,片马,1269
12711,永胜,1109
12711,水富,1499
12711,章朗,1489
12711,楚雄市,1323
12711,耿马,1403
12711,镇康,1484
12711,陇川,1402
12711,云县,1071
12703,牛背山,2734
12703,毕棚沟,1509
12703,新都桥,5949
12703,西岭雪山,2999
12703,绵阳,5499
12703,阆中,3010
12703,汶川,6436
12703,丹巴,3496
12703,贡嘎,3345
12703,泸定,5697
12703,宜宾,4073
12703,广元,3134
12703,黄龙,1948
12703,眉山,2922
12703,理塘,4351
12703,理县,1816
12703,攀枝花,3348
12703,自贡,3222
12703,南充,3126
12703,蜀南竹海,2945
12703,泸州,2905
12703,邛崃,2950
12703,德阳,2891
12703,江油,2633
12703,凉山,2220
12703,彭州,1331
12703,遂宁,3140
12703,黑水,1337
12703,大邑,1586
12703,黄龙溪,1278
12703,巴中,1828
12703,松潘,1789
12703,达瓦更扎,1012
12703,北川,2694
12703,茂县,1319
12703,内江,2456
12703,红原,1431
12703,广安,2313
12703,剑阁,1917
12703,米亚罗,1602
12703,莫斯卡,1129
12703,双流,1348
12703,崇州,1422
12703,达州,1935
12703,邛海,1335
12703,巴塘,1851
12703,金川,1374
12703,汉源,1130
12703,九龙,1495
12703,犍为,1113
12703,洛带古镇,1217
12703,柳江古镇,1128
12703,马尔康,1194
12703,什邡,1417
12703,荥经,1400
12703,安仁古镇,1321
12703,川北,1041
12703,平乐古镇,1537
12703,郫都区,1467
12703,洪雅,1052
12703,宝兴,1041
12703,广汉,1181
12703,木里,1342
12703,平武,1021
12703,街子古镇,1209
12703,温江,1350
12703,唐克,1372
12703,小金,1384
12703,上里,1091
12703,白玉,1383
12703,屏山,1175
12703,映秀,1067
12703,天全,1378
12703,南江,1137
12703,石棉县,1243
12703,格聂,1583
12703,新都,1502
12703,金堂,1100
12703,米易,1426
12703,资阳,1194
12703,冕宁,1107
12703,叙永,1398
12703,蒲江,1200
12703,龙泉驿,1283
12703,德格,1509
12703,新津,1282
12703,绵竹,1451
12703,雅江,1230
12703,万源,1458
12703,华蓥,1400
12703,道孚,1286
12703,简阳,1170
12703,水磨古镇,1250
12703,炉霍,1374
12703,李庄古镇,1490
12703,新龙县,1112
12703,青川,1265
12703,大渡河,1413
12703,古蔺,1098
12703,会理,1387
12703,乡城,1484
12703,金口河,1322
12703,安岳,1076
12703,昭化古镇,1400
12703,石渠,1497
12703,盐源县,1361
12703,雷波县,1316
12703,合江,1123
12703,兴文,1188
12703,大英,1307
12703,长宁,1152
12703,壤塘,1304
12703,彭山,1397
12703,仁寿县,1098
12703,元通,1146
12703,梓潼,1179
12703,峨边,1386
14575,台州,4492
14575,莫干山,1440
14575,枸杞岛,1288
14575,雁荡山,5658
14575,桐庐,4859
14575,临安,5017
14575,象山,2324
14575,衢州,3258
14575,海宁,4940
14575,嘉兴,11477
14575,温州,7375
14575,横店,5220
14575,嵊泗,3390
14575,湖州,5351
14575,南浔,5243
14575,丽水,3573
14575,金华,6323
14575,安吉,2204
14575,楠溪江,3167
14575,奉化,4537
14575,仙居,2695
14575,桐乡,1300
14575,诸暨,4153
14575,朱家尖,1615
14575,德清,1089
14575,义乌,2251
14575,嘉善,1200
14575,淳安,1186
14575,温岭,1126
14575,渔山岛,1228
14575,上虞,2163
14575,溪口,1165
14575,建德,1459
14575,富阳,1739
14575,东阳,1627
14575,杭州宋城旅游区,1351
14575,长兴,1568
14575,大明山,1255
14575,慈溪,1636
14575,武义,1784
14575,泰顺,1953
14575,江山,1544
14575,天目山,1429
14575,开化,1319
14575,洞头,1548
14575,永嘉,1528
14575,云和梯田,1153
14575,兰溪,1872
14575,苍南,1450
14575,青田,1428
14575,余杭,1493
14575,安昌,1121
14575,乐清,1315
14575,缙云,1403
14575,松阳,1127
14575,塘栖,1355
14575,云和,1046
14575,嵊州,1228
14575,永康,1392
14575,诸葛八卦村,1427
14575,三门,1442
14575,平湖,1328
14575,平阳,1292
14575,文成,1326
14575,前童,1173
14575,龙门古镇,1308
14575,海盐,1501
14575,柯桥,1179
14575,廿八都古镇,1237
14575,龙游,1496
14575,三尖,1115
14575,新市古镇,1112
14575,浙南,1300
14575,林坑,1018
14575,慈城,1526
14575,庆元,1477
14575,南黄古道,1506
14575,玉环,1212
14575,檀头山,1507
14575,大慈岩,1108
14575,新叶古镇,1188
14575,芙蓉村,1297
14575,俞源,1261
14575,北麂岛,1183
14575,大盘山,1031
14575,腾蛟,1336
14575,外婆坑,1098
14575,窈口,1188
14575,常山县,1056
14575,浙东大峡谷,1438
14575,江郎山,1382
14575,钱塘江,1425
14575,桃花岛,1097
14575,西径山,1161
14575,四明山,1338
14575,六春湖,1154
14575,乌溪江,1208
14575,九溪,1408
14575,五泄,1201
14575,东白山,1413
14575,猕猴峡,1171
14575,梅源梯田,1025
14575,江心屿,1336
14575,方岩,1230
14575,仙华山,1034
14575,茗岙,1104
14575,郭洞,1145
14575,黄檀洞,1043
12938,三亚,33175
12938,海口,15858
12938,蜈支洲岛,8461
12938,亚龙湾,1407
12938,万宁,4022
12938,文昌,4589
12938,琼海,4144
12938,陵水,1447
12938,五指山市,4080
12938,西沙群岛,1872
12938,三亚湾,1494
12938,海棠湾,1485
12938,博鳌,2152
12938,保亭,1721
12938,儋州,1967
12938,大东海,1500
12938,三沙市,1610
12938,琼中,1846
12938,东方市,1231
12938,昌江,1609
12938,乐东,1199
12938,白沙,1355
12938,澄迈,1335
12938,定安,1440
12938,大小洞天,1385
12938,临高,1036
12938,屯昌,1153
12938,南沙群岛,1459
12938,铺前镇,1426
12938,中沙群岛,1483
12938,南湾猴岛,1221
12938,南渡江,1162
12938,石梅湾,1021
12938,洋浦半岛,1424
12938,锦母角,1169
12938,清水湾,1007
12938,尖峰岭,1193
12871,厦门,45914
12871,鼓浪屿,27229
12871,福州,11157
12871,武夷山,8777
12871,泉州,6686
12871,漳州,4803
12871,霞浦,2646
12871,平潭,1761
12871,东山岛,1852
12871,南靖,3646
12871,宁德,2534
12871,永定,4824
12871,莆田,3692
12871,龙岩,3342
12871,南平,2492
12871,三明,2665
12871,福鼎,2360
12871,云水谣古镇,1650
12871,大嵛山岛,1550
12871,泰宁,1256
12871,永泰,1393
12871,惠安,2477
12871,湄洲岛,1493
12871,连江,1850
12871,晋江,1379
12871,漳浦,1838
12871,六鳌,1480
12871,闽侯,1488
12871,沙县,1381
12871,德化,1512
12871,龙海,1453
12871,仙游,1118
12871,福安,1567
12871,长泰,1451
12871,古田,1469
12871,同安,1217
12871,建宁,1182
12871,长汀古城,1041
12871,安溪,1436
12871,罗源,1388
12871,周宁,1471
12871,漳平,1152
12871,平和,1311
12871,仓山,1306
12871,南安市,1027
12871,永春,1510
12871,建瓯,1464
12871,云霄县,1173
12871,延平区,1489
12871,诏安,1329
12871,闽清,1391
12871,上杭,1180
12871,樟脚村,1192
12871,梅林镇,1423
12871,柘荣,1369
12871,将乐,1277
12871,塔下,1266
12871,顺昌,1467
12871,武平,1202
12871,海沧区,1175
12871,马尾区,1168
12871,宁化,1069
12871,邵武,1138
12871,华安,1448
12871,建阳区,1417
12871,蟳埔村,1309
12871,清流县,1417
12871,光泽,1277
12871,奇达村,1017
12871,蕉城,1118
12871,泉港区,1207
12871,政和,1497
12871,翔安区,1397
12871,秀屿区,1093
12871,浦城,1141
12871,寿宁,1171
12871,明溪,1328
12871,小岞镇,1387
12871,涵江区,1147
12871,上街镇,1236
12871,松溪,1443
12871,大田县,1069
12871,洛江区,1206
12871,龙文区,1153
12871,白水洋,1286
12871,太姥山,1086
12871,戴云山,1290
12871,赵家堡,1035
12871,龙栖山,1071
12871,大金湖,1080
12871,冠豸山,1444
12871,海门岛,1469
12871,漳州火山岛,1313
12871,三坊七巷,1009
12871,目屿岛,1447
12871,南普陀寺,1223
12871,清源山,1013
12871,鼓山,1439
14387,南京,40935
14387,苏州,40745
14387,无锡,23135
14387,扬州,17003
14387,周庄,13883
14387,常州,10920
14387,镇江,9233
14387,同里,8500
14387,连云港,6351
14387,太湖,2085
14387,盐城,3518
14387,甪直,4300
14387,溧阳,1226
14387,宿迁,2554
14387,江阴,2334
14387,常州恐龙园,1406
14387,锦溪,1497
14387,太仓,2106
14387,徐州,5771
14387,南通,5510
14387,无锡灵山,8136
14387,宜兴,4925
14387,昆山,4078
14387,泰州,4043
14387,常熟,3423
14387,淮安,3404
14387,兴化,2241
14387,高淳,1378
14387,木渎,1213
14387,江宁,1164
14387,张家港,1247
14387,启东,1297
14387,高邮,1312
14387,丹阳,1576
14387,盱眙,1784
14387,惠山古镇,1524
14387,句容,1161
14387,如皋,1349
14387,茅山,1329
14387,千灯,1293
14387,泰兴,1730
14387,东台,1393
14387,太仓沙溪,1408
14387,靖江,1224
14387,金坛,1074
14387,大丰,1288
14387,海门,1242
14387,溧水,1411
14387,邳州,1293
14387,汤山,1311
14387,黎里古镇,1413
14387,如东,1410
14387,新沂,1119
14387,扬中,1213
14387,睢宁,1106
14387,建湖,1322
14387,灌云,1437
14387,阜宁,1127
14387,射阳,1481
14387,沭阳县,1082
14387,永联村,1188
14387,丰县,1340
14387,金湖县,1017
14387,泗洪县,1392
14387,张浦,1253
14387,响水县,1164
14387,灌南县,1428
14387,涟水县,1293
14387,泗阳县,1213
14387,滨海县,1024
14387,宝应县,1196
14387,夫子庙,1145
14387,仪征,1119
14387,洪泽,1425
14387,海安,1050
14387,枫桥古镇,1488
14387,溱潼古镇,1466
14387,江都,1054
14387,沛县,1245
14387,东海县,1430
14387,明月湾村,1335
14387,盛泽湖,1262
14387,山塘街,1474
14387,明孝陵,1409
14387,阳澄湖,1424
14387,洋口港,1243
14387,栖霞寺,1195
14387,洪泽湖,1038
14387,中山陵,1176
14387,玄武湖,1081
14387,栖霞山,1022
14387,紫金山,1426
14387,赣榆区,1148
14387,溱湖,1005
14387,鼋头渚,1028
14387,陆巷,1168
14387,天平山,1149
14387,金鸡湖,1462
14387,锡惠公园,1014
14387,天目湖,1237
14387,花果山,1145
14387,林屋洞,1255
14387,宝华山,1184
14387,大明寺,1233
14387,瘦西湖,1221
14387,留园,1218
14674,广州,37133
14674,深圳,33126
14674,珠海,17666
14674,惠州,7215
14674,佛山,9654
14674,东莞,10354
14674,汕头,5306
14674,清远,6703
14674,韶关,6252
14674,潮州,3668
14674,中山,8277
14674,巽寮湾,3358
14674,海陵岛,1273
14674,湛江,5090
14674,肇庆,6734
14674,顺德,2274
14674,江门,4990
14674,阳江,4971
14674,广州长隆旅游度假区,1389
14674,珠海横琴长隆国际海洋度假区,1298
14674,惠东,3007
14674,开平,3944
14674,南澳岛,3183
14674,梅州,3269
14674,茂名,3475
14674,汕尾,2871
14674,河源,3699
14674,从化,1460
14674,番禺,1613
14674,潮汕,1502
14674,外伶仃岛,2030
14674,增城,3677
14674,南雄,1262
14674,揭阳,2673
14674,英德,1604
14674,台山,1764
14674,下川岛,1176
14674,东西冲,1602
14674,云浮,2240
14674,南澳县,1398
14674,东澳岛,1070
14674,花都,1193
14674,赤坎古镇,2253
14674,庙湾岛,1053
14674,乳源,1472
14674,连南,1466
14674,连州,1358
14674,闸坡,1418
14674,上川岛,1220
14674,阳西,1062
14674,龙门,1067
14674,盐田,1358
14674,放鸡岛,1516
14674,硇洲岛,1356
14674,三水,1792
14674,新兴,1483
14674,虎门,1335
14674,阳山,1378
14674,沙湾古镇,1281
14674,南沙区,1401
14674,博罗,1041
14674,徐闻,1115
14674,高州,1242
14674,乐昌,1402
14674,普宁,1423
14674,信宜,1440
14674,电白,1244
14674,恩平,1473
14674,观澜版画村,1144
14674,阳春,1058
14674,仁化,1167
14674,斗门,1477
14674,连平,1171
14674,雷州市,1429
14674,新丰,1335
14674,鹤山,1408
14674,德庆,1142
14674,佛冈,1429
14674,罗定,1485
14674,连山壮族瑶族自治县,1273
14674,海丰,1210
14674,兴宁,1526
14674,廉江,1433
14674,清新区,1225
14674,潮安,1432
14674,翁源,1269
14674,吴川,1444
14674,化州,1464
14674,揭西县,1420
14674,惠阳区,1321
14674,蕉岭,1141
14674,坪石,1274
14674,林寨古村,1256
14674,鹅凰嶂,1304
14674,七礤溪谷,1227
14674,黄埔古港,1136
14674,聚龙村,1074
14674,丹霞山,1256
14674,船底顶,1472
14674,靖海,1363
14674,紫金,1443
14674,小榄镇,1487
14674,怀集,1299
14674,五华县,1350
14674,广宁,1010
14674,潮南区,1276
14674,东源,1181
14674,陆河县,1464
14674,平远,1219
14674,四会,1257
14674,高要,1301
14674,郁南,1282
14674,封开,1081
14674,遂溪,1074
14674,陆丰,1230
14674,惠来,1385
14674,坝光,1341
14674,陈家祠,1375
14674,沙面,1352
14674,海珠湖,1156
14674,大夫山,1170
14674,西樵山,1475
14674,连州大东山,1214
14674,沙扒湾,1186
14674,中国第一滩,1218
14674,南鹏岛,1046
12810,桂林,25168
12810,阳朔,20835
12810,北海,9967
12810,涠洲岛,5053
12810,南宁,11810
12810,龙脊梯田,3766
12810,黄姚古镇,2703
12810,柳州,4552
12810,漓江,1341
12810,防城港,2498
12810,贺州,2550
12810,龙胜,3262
12810,梧州,2650
12810,崇左,2452
12810,东兴,2711
12810,百色,2486
12810,靖西,1834
12810,玉林,2411
12810,钦州,2270
12810,巴马,1928
12810,河池,2177
12810,三江,1552
12810,贵港,2119
12810,海洋乡,1345
12810,大新,1458
12810,来宾,1763
12810,上林,1523
12810,蒙山县,1133
12810,金秀,1358
12810,凭祥,1058
12810,昭平,1078
12810,灵川,1294
12810,扬美,1163
12810,桂平,1090
12810,广西全州,1463
12810,容县,1422
12810,北流,1498
12810,恭城,1444
12810,北部湾,1469
12810,合浦,1120
12810,兴安,1140
12810,资源县,1336
12810,融水,1159
12810,宜州,1403
12810,大圩,1265
12810,龙州,1233
12810,永福,1258
12810,乐业,1283
12810,柳江,1285
12810,岑溪,1263
12810,兴安,1445
12810,隆安,1374
12810,马山,1051
12810,罗城,1336
12810,都安,1093
12810,防城,1056
12810,荔浦,1529
12810,富川,1008
12810,武鸣,1428
12810,鹿寨,1370
12810,南丹,1152
12810,大化,1439
12810,德保,1126
12810,合山,1429
12810,平乐县,1228
12810,横县,1080
12810,兴安古镇,1460
12810,凌云,1517
12810,宾阳,1289
12810,上思,1135
12810,融安,1278
12810,象州,1300
12810,田阳,1034
12810,平果,1147
12810,扶绥,1103
12810,灌阳,1128
12810,武宣,1064
12810,博白,1342
12810,宁明,1361
12810,环江,1239
12810,东兰,1058
12810,藤县,1491
12810,柳城,1476
12810,陆川,1171
12810,西林,1168
12810,忻城,1357
12810,兴业,1167
12810,雁山区,1308
12810,凤山县,1226
12810,钟山县,1170
12810,长发村,1127
12810,天等,1333
12810,德天瀑布,1131
12810,明仕田园,1338
12810,鹅泉,1021
12810,和平乡,1170
12810,左江,1301
12810,大容山,1474
12810,金秀大瑶山,1097
12810,天峨,1130
12810,灵山县,1197
12810,平南,1285
12810,田东,1450
12810,那坡,1333
12810,浦北,1461
12810,隆林各族自治县,1424
12810,苍梧,1228
12810,田林县,1238
12810,兴坪,1136
12810,覃塘区,1420
12810,程阳,1050
12810,三娘湾,1280
12810,桂林虞山公园,1060
12810,斜阳岛,1385
12810,十万大山,1079
12810,海洋山,1136
12810,福绵区,1204
12700,拉萨,15550
12700,林芝,8996
12700,纳木错,9013
12700,阿里,2589
12700,日喀则,6997
12700,珠穆朗玛峰,4034
12700,波密,4601
12700,山南,3353
12700,那曲,4289
12700,墨脱,2188
12700,芒康,3657
12700,昌都,2854
12700,冈仁波齐,1149
12700,雅鲁藏布江,1073
12700,比如,1162
12700,左贡,1654
12700,八宿,1080
12700,巴松措,1442
12700,札达,1021
12700,拉姆拉错,1111
12700,米林,1074
12700,察瓦龙,1151
12700,当雄,1306
12700,狮泉河,1383
12700,盐井,1238
12700,邦达,1231
12700,安多,1194
12700,吉隆,1009
12700,普兰,1242
12700,浪卡子,1347
12700,定日,1169
12700,江孜,1046
12700,来古村,1485
12700,樟木,1530
12700,察隅,1205
12700,工布江达,1268
12700,班戈,1056
12700,洛扎,1162
12700,措勤,1276
12700,加查,1070
12700,拉孜,1107
12700,萨迦,1074
12700,墨竹工卡,1440
12700,萨嘎,1166
12700,亚东,1186
12700,丁青,1069
12700,朗县,1326
12700,堆龙德庆,1043
12700,聂拉木,1296
12700,仲巴,1025
12700,达孜,1182
12700,错那,1278
12700,双湖县,1225
12700,噶尔,1079
12700,曲水,1342
12700,日土,1336
12700,贡嘎县,1383
12700,色尼区,1442
12700,尼木,1448
12700,乃东,1009
12700,类乌齐,1055
12700,江达,1163
12700,改则县,1137
12700,扎囊县,1261
12700,措美县,1176
12700,琼结,1155
12700,申扎县,1139
12700,白朗,1329
12700,南木林县,1353
12700,贡觉县,1339
12700,然乌,1186
12700,卡若拉冰川,1327
12700,康马县,1399
12700,巴青,1474
12700,索县,1202
12700,边坝县,1192
12700,桑日,1039
12700,定结县,1191
12700,昂仁,1374
12700,宁金抗沙峰,1452
12700,曲松,1323
12700,察雅,1448
12700,洛隆县,1416
12700,大昭寺,1366
12700,嘉黎,1089
12700,聂荣县,1263
12700,林周县,1430
12700,布达拉宫,1482
12700,马卡鲁峰,1050
12700,仁布县,1443
12700,革吉县,1165
12700,谢通门县,1425
12700,扎什伦布寺,1414
12700,甘丹寺,1306
12700,羊卓雍错,1381
12700,米堆冰川,1185
12700,雅鲁藏布大峡谷,1026
12700,尼洋河,1107
12700,南伊沟,1478
12700,巴松错,1304
12700,雍布拉康,1206
12700,隆子县,1248
12700,米拉山,1181
12700,南迦巴瓦峰,1114
14103,铜仁,2809
14103,赤水,2304
14103,兴义,2137
14103,凯里,1591
14103,青岩古镇,3926
14103,六盘水,2411
14103,肇兴,1437
14103,黔南,1876
14103,黔西南,2238
14103,毕节,1819
14103,从江,1402
14103,花溪,1488
14103,都匀,1538
14103,雷山,1532
14103,镇宁,1337
14103,织金,1279
14103,威宁,1720
14103,黎平,1235
14103,盘县,1472
14103,平坝县,1268
14103,平塘,1134
14103,岜沙,1445
14103,榕江,1327
14103,丹寨,1310
14103,黔西,1460
14103,仁怀,1037
14103,贵定,1234
14103,郎德,1393
14103,大方,1301
14103,道真,1363
14103,清镇,1222
14103,桐梓,1418
14103,三都,1334
14103,江口,1386
14103,天龙屯堡,1393
14103,赫章,1277
14103,堂安,1074
14103,开阳,1168
14103,绥阳,1234
14103,赤水河谷,1390
14103,龙里,1244
14103,关岭,1318
14103,福泉,1176
14103,晴隆,1439
14103,习水,1017
14103,独山,1118
14103,水城,1403
14103,湄潭,1064
14103,小黄侗寨,1339
14103,贞丰,1031
14103,石阡,1450
14103,息烽,1118
14103,修文,1391
14103,黄平,1504
14103,惠水,1230
14103,紫云,1398
14103,剑河,1326
14103,台江,1246
14103,施秉县,1103
14103,思南,1405
14103,罗甸,1181
14103,松桃,1415
14103,大同古镇,1163
14103,隆里,1121
14103,锦屏,1090
14103,天柱,1409
14103,三穗,1399
14103,万山区,1047
14103,兴仁,1157
14103,安龙县,1165
14103,瓮安,1331
14103,正安,1079
14103,南龙古寨,1375
14103,印江土家族苗族自治县,1397
14103,长顺,1193
14103,玉屏侗族自治县,1161
14103,务川,1491
14103,纳灰村,1440
14103,车江三宝侗寨,1310
14103,麻江县,1441
14103,六枝特区,1129
14103,余庆,1452
14103,德江,1451
14103,沿河土家族自治县,1081
14103,册亨,1349
14103,金沙县,1495
14103,普定,1002
14103,施洞,1201
14103,普安,1271
14103,凤冈,1470
14103,岑巩,1307
14103,望谟,1414
14103,摆贝,1362
14103,纳雍,1042
14103,南江大峡谷,1414
14103,织金洞,1365
14103,水银河,1153
14103,马岭河峡谷,1436
14103,加榜梯田,1175
14103,茂兰,1481
14103,长嵌沟,1477
14103,韭菜坪,1443
14103,牛棚梁子,1224
31808,甘南,4327
31808,喀纳斯,5290
31808,银川,7495
31808,张掖,6486
31808,喀什,3233
31808,阿勒泰,3342
31808,嘉峪关,7066
31808,吐鲁番,6143
31808,延安,5698
31808,咸阳,7557
31808,酒泉,4122
31808,壶口瀑布,4833
31808,汉中,3712
31808,宝鸡,4563
31808,渭南,3520
31808,中卫,3901
31808,南疆,1080
31808,天水,3895
31808,布尔津,1811
31808,太白山,2536
31808,海西,1942
31808,沙坡头,4997
31808,祁连,3808
31808,禾木,2983
31808,榆林,2584
31808,格尔木,4114
31808,门源,3641
31808,哈密,2505
31808,巴音郭楞,2423
31808,克拉玛依,3270
31808,独库公路,1205
31808,年保玉则,1776
31808,天山,1486
31808,可可西里,3259
31808,安康,2238
31808,伊宁,1286
31808,海北藏族自治州,1320
31808,靖边,1261
31808,华阴,1164
31808,昌吉,2351
31808,阿克苏,2414
31808,德令哈,2477
31808,武威,2987
31808,库车,2252
31808,扎尕那,1332
31808,石河子,2788
31808,郎木寺,1356
31808,贵德,2588
31808,坎布拉,2116
31808,大柴旦,1255
31808,铜川,2020
31808,甘泉县,1106
31808,昭苏,1252
31808,玉树,1602
31808,临潼,1914
31808,特克斯,1027
31808,商洛,2223
31808,拉卜楞寺,1387
31808,夏河,1250
31808,库尔勒,1786
31808,平凉,1884
31808,和田,1697
31808,陇南,1867
31808,陕北,1094
31808,勉县,1162
31808,白哈巴,1315
31808,博乐,1500
31808,蓝田,1067
31808,新源,1299
31808,韩城,1126
31808,青木川,1194
31808,塔城,1140
31808,定西,1943
31808,可可托海,1154
31808,沙湖,1123
31808,鄯善,1189
31808,霍城,1410
31808,瓜州,1414
31808,北屯,1842
31808,果洛,1517
31808,伊宁县,1466
31808,柴达木盆地,1343
31808,罗布泊,1339
31808,乌兰,1482
31808,临夏,1343
31808,博尔塔拉,1302
31808,塔什库尔干塔吉克自治县,1326
31808,吴忠,1511
31808,海南藏族自治州,1535
31808,玛多,1352
31808,同仁,1634
31808,达坂城,1327
31808,迭部,1528
31808,山丹,1519
31808,青铜峡,1850
31808,若羌,1688
31808,乌尔禾,1240
31808,周至,1209
31808,柞水,1245
31808,庆阳,1587
31808,唐布拉草原,1326
31808,互助,1813
31808,塔克拉玛干沙漠,1423
31808,玉门,1534
31808,奎屯,1365
31808,袁家村,1170
31808,白银,1573
31808,固原,1489
31808,宜川,1192
31808,河西走廊,1099
31808,久治,1276
31808,金塔,1441
31808,金昌,1470
31808,海东,1460
31808,石嘴山,1321
31808,杏花沟,1179
31808,叶城,1355
31808,沙湾,1128
31808,黄南,1088
31808,户县,1510
31808,碌曲,1354
31808,五家渠,1744
31808,湟中,1163
31808,阜康,1340
31808,哈巴河,1088
31808,奇台,1297
12976,青岛,34750
12976,济南,20510
12976,泰山,16766
12976,威海,13529
12976,烟台,13500
12976,日照,8436
12976,长岛,4327
12976,泰安,9892
12976,蓬莱,10806
12976,曲阜,8398
12976,潍坊,5471
12976,临沂,4054
12976,济宁,3228
12976,淄博,4811
12976,台儿庄,2228
12976,枣庄,2982
12976,崂山,1717
12976,东营,3242
12976,德州,3576
12976,青州,1288
12976,聊城,2504
12976,菏泽,2642
12976,荣成,1105
12976,黄岛,1325
12976,滨州,2345
12976,莱芜,2326
12976,乳山,1369
12976,龙口,1389
12976,烟墩角,1471
12976,海阳,1315
12976,高密,1768
12976,沂水,1137
12976,章丘,1318
12976,栖霞,1051
12976,滕州,1245
12976,周村,1325
12976,邹城,1085
12976,莱州,1119
12976,即墨,1342
12976,临朐,1228
12976,蒙阴,1505
12976,文登,1180
12976,城阳,1539
12976,诸城,1318
12976,胶州,1149
12976,寿光,1292
12976,招远,1029
12976,安丘,1320
12976,新泰,1147
12976,微山,1352
12976,乐陵,1331
12976,东平,1345
12976,兖州,1168
12976,牟平区,1021
12976,莱阳,1512
12976,莱西,1144
12976,平度,1432
12976,五莲,1234
12976,费县,1348
12976,鸡鸣岛,1137
12976,平邑,1437
12976,临清,1212
12976,肥城,1195
12976,齐河,1197
12976,大钦岛,1045
12976,垦利,1392
12976,禹城,1140
12976,梁山县,1093
12976,昌邑,1498
12976,沂源,1126
12976,沂南,1288
12976,冠县,1070
12976,阳谷,1301
12976,长清区,1236
12976,莘县,1266
12976,莒县,1056
12976,博山区,1362
12976,郓城,1433
12976,单县,1093
12976,邹平,1096
12976,东阿,1470
12976,高唐,1197
12976,庆云,1387
12976,昌乐,1082
12976,成武县,1017
12976,商河,1355
12976,临沭,1247
12976,鱼台,1313
12976,莒南,1448
12976,泗水县,1131
12976,汶上,1172
12976,桓台,1467
12976,惠民县,1416
12976,博兴,1300
12976,兰陵县,1051
12976,郯城,1444
12976,九龙大峡谷,1070
12976,广饶,1207
12976,平阴,1130
12976,嘉祥,1273
12976,蒿滩,1082
12976,巨野,1179
12976,武城,1168
12976,沾化,1361
12976,利津,1394
12976,河口区,1226
12976,宁阳,1479
12976,茌平,1485
12976,金乡,1319
12976,高青,1416
12976,临邑,1189
12976,东明,1348
12976,宁津,1239
12976,成山头,1435
12976,昆嵛山,1267
12976,刘公岛,1474
12976,海驴岛,1368
12976,毓璜顶,1205
12976,济阳,1505
12976,曹县,1478
12976,陵县,1030
12976,无棣,1383
12976,夏津,1090
12976,平原县,1265
12976,山亭区,1156
12976,鄄城,1464
12976,微山湖,1121
12976,黄河口,1459
12976,仰天山,1063
12976,大明湖,1338
12976,趵突泉,1316
12976,鹤伴山,1204
12976,郑城,1379
12976,岱庙,1015
12976,十芴园,1030
13033,平遥,12278
13033,太原,13190
13033,五台山,5749
13033,大同,7768
13033,壶口瀑布,4833
13033,晋中,3203
13033,临汾,3520
13033,晋城,3146
13033,忻州,2755
13033,洪洞,1265
13033,陵川,1164
13033,偏关,1125
13033,吉县,1477
13033,代县,1245
13033,原平,1132
13033,平顺,1165
13033,壶关,1224
13033,隰县,1064
13033,运城,3029
13033,恒山,1381
13033,碛口,1864
13033,长治,2200
13033,介休,3208
13033,绵山,2636
13033,吕梁,2055
13033,五台县,1420
13033,阳泉,2175
13033,朔州,2129
13033,永济,1195
13033,宁武,1122
13033,榆次,1129
13033,浑源,1118
13033,灵石,1178
13033,阳城,1106
13033,祁县,1213
13033,应县,1314
13033,临县,1368
13033,高平,1302
13033,侯马,1214
13033,太谷,1476
13033,昔阳,1410
13033,汾阳,1280
13033,盂县,1260
13033,蟒河,1117
13033,霍州,1355
13033,交城,1206
13033,芮城,1339
13033,右玉,1431
13033,黄崖洞,1487
13033,方山,1062
13033,李家山,1246
13033,平陆,1292
13033,孝义,1441
13033,绛县,1322
13033,云冈镇,1193
13033,沁水,1474
13033,潞城,1411
13033,山阴,1287
13033,汾河,1406
13033,阳曲,1316
13033,大汖,1289
13033,清徐,1435
13033,平定,1349
13033,新绛,1359
13033,稷山,1364
13033,左云,1015
13033,后沟,1038
13033,文水,1146
13033,怀仁,1258
13033,长子,1068
13033,广武,1026
13033,曲沃,1478
13033,灵丘,1296
13033,黎城,1362
13033,和顺（山西）,1053
13033,武乡,1028
13033,柳林,1228
13033,娄烦,1055
13033,河曲,1072
13033,左权,1480
13033,永和,1258
13033,寿阳,1202
13033,榆社,1106
13033,神池,1005
13033,古县,1403
13033,保德,1144
13033,岚县,1386
13033,和平镇,1131
13033,临猗,1321
13033,沁源,1058
13033,广灵,1427
13033,天镇,1404
13033,繁峙,1382
13033,垣曲,1297
13033,大宁,1401
13033,襄汾,1466
13033,安泽,1032
13033,岢岚,1068
13033,闻喜,1035
13033,沁县,1334
13033,兴县,1287
13033,襄垣,1114
13033,石楼,1041
13033,师家沟,1452
13033,夏县,1367
13033,汾西,1125
13033,翼城,1317
13033,屯留,1414
13033,静乐,1210
13033,交口,1404
13033,中阳,1429
13033,五寨,1098
13033,蒲县,1125
13033,鹳雀楼,1037
13033,对竹镇,1053
13033,勍香镇,1169
13033,永安镇,1298
13033,藏山,1024
13033,天龙山,1457
13033,晋祠,1466
13033,张壁古堡,1021
13033,娘子关,1375
13033,雁门关,1366
13033,杀虎口,1488
13033,芦芽山,1181
13033,土林,1070
13732,株洲,4894
13732,怀化,3816
13732,湘潭,4340
13732,常德,3359
13732,武陵源,1415
13732,永州,2199
13732,邵阳,2098
13732,资兴,1268
13732,吉首,2858
13732,张家界,17094
13732,长沙,23104
13732,凤凰古镇,19423
13732,郴州,3065
13732,湘西,5528
13732,衡山,1576
13732,岳阳,5605
13732,衡阳,5603
13732,韶山,6264
13732,平江,1494
13732,芙蓉镇,1171
13732,益阳,2187
13732,娄底,2208
13732,岳麓山,1614
13732,浏阳,1661
13732,衡东,1317
13732,洪江,1248
13732,宁乡,1278
13732,桃源,1206
13732,通道,1508
13732,靖港古镇,1291
13732,汨罗,1638
13732,宁远,1285
13732,南岳区,1145
13732,芷江,1177
13732,新化,1436
13732,长沙县,1307
13732,望城,1654
13732,石门,1493
13732,茶峒,1291
13732,新宁,1316
13732,德夯,1366
13732,江永,1149
13732,醴陵,1231
13732,武冈,1449
13732,永顺,1247
13732,双峰,1010
13732,花垣,1430
13732,桂阳,1168
13732,隆回,1378
13732,津市市,1100
13732,绥宁,1144
13732,古丈,1245
13732,湘阴,1414
13732,永兴,1449
13732,安化,1017
13732,衡山县,1395
13732,道县,1202
13732,临湘,1099
13732,黔城,1355
13732,慈利县,1204
13732,常宁,1373
13732,会同,1190
13732,桂东,1347
13732,东安,1118
13732,江华,1042
13732,冷水江,1067
13732,靖州,1067
13732,沅陵,1459
13732,湘西南,1027
13732,龙山县,1072
13732,洞口县,1252
13732,茶陵,1498
13732,澧县,1433
13732,新晃,1075
13732,攸县,1468
13732,桃江,1441
13732,双牌,1162
13732,岳阳县,1383
13732,乾州镇,1200
13732,祁东,1329
13732,邵东,1301
13732,新邵,1299
13732,祁阳,1324
13732,邵阳县,1019
13732,辰溪,1135
13732,衡阳县,1309
13732,麻阳,1075
13732,湘潭县,1158
13732,安乡,1405
13732,嘉禾,1013
13732,马鞍山苗寨,1182
13732,泸溪,1215
13732,汉寿,1487
13732,滩头,1423
13732,株洲县,1011
13732,泗门洲,1047
13732,洞庭湖,1375
13732,乌龙山,1413
13732,酃峰,1214
13732,临武,1015
13732,安仁县,1432
13732,华容,1388
13732,桑植,1087
13732,保靖,1422
13732,中方,1134
13732,衡南,1043
13732,临澧,1269
13732,南县,1071
13732,小沙江镇,1323
13732,韭菜岭,1154
13732,紫鹊界,1278
13732,永州阳明山,1455
13732,新田县,1170
13732,蓝山县,1325
13732,黑麋峰,1337
13732,马王堆,1166
13732,莽山,1254
13732,崀山,1270
13732,扶苍山,1063
13732,九嶷山,1258
13732,周洛,1066
13732,东江湖,1148
14731,武汉,26654
14731,恩施,3333
14731,宜昌,7703
14731,神农架,3475
14731,武当山,3960
14731,三峡,1845
14731,襄阳,3942
14731,十堰,3220
14731,咸宁,2603
14731,孝感,1515
14731,天门,1485
14731,麻城,1465
14731,丹江口,1022
14731,赤壁,1439
14731,罗田,1227
14731,洪湖,1839
14731,钟祥,1350
14731,安陆,1374
14731,荆州,3717
14731,黄石,2984
14731,黄冈,2424
14731,随州,1976
14731,鹤峰,1139
14731,利川,1112
14731,黄陂,1787
14731,荆门,2244
14731,鄂州,1938
14731,通山,1302
14731,建始,1142
14731,广水,1326
14731,郧西,1295
14731,京山,1471
14731,南漳,1342
14731,汉川,1309
14731,秭归,1241
14731,红安,1468
14731,咸丰,1177
14731,应城,1217
14731,五峰,1217
14731,石首,1256
14731,枣阳,1220
14731,老河口,1116
14731,武穴,1505
14731,宜城,1458
14731,保康,1092
14731,英山县,1129
14731,枝江,1354
14731,阳新,1023
14731,孝昌,1240
14731,宣恩,1213
14731,江夏区,1183
14731,黄梅,1321
14731,崇阳,1351
14731,远安,1412
14731,蕲春,1509
14731,东西湖区,1238
14731,蔡甸区,1123
14731,兴山县,1459
14731,来凤,1117
14731,新洲区,1071
14731,通城,1160
14731,浠水,1297
14731,谷城,1052
14731,团风,1170
14731,公安县,1229
14731,监利,1383
14731,大九湖,1382
14731,江陵县,1282
14731,漳河水库,1500
14731,文赤壁,1306
14731,昙华林,1386
14731,黄鹤楼,1040
14731,房县,1055
14731,汉南,1033
14731,云梦,1111
14731,嘉鱼县,1077
14731,沙洋,1343
14731,竹溪,1239
14731,随县,1003
14731,郧阳区,1157
14731,竹山县,1437
14731,户部巷,1374
14731,木兰天池,1348
14731,习家池,1239
14731,武赤壁,1472
14731,神农架老君山,1460
14731,文佛山,1049
14731,古隆中,1125
14731,罗田天堂寨,1285
12719,徽杭古道,1156
12719,西递,4283
12719,池州,2006
12719,安庆,2797
12719,绩溪,3026
12719,六安,2520
12719,蚌埠,3070
12719,马鞍山,3090
12719,皖南,1481
12719,黄山,19751
12719,宏村,7720
12719,合肥,9937
12719,芜湖,5279
12719,九华山,4678
12719,黄山风景区,1241
12719,宣城,2791
12719,黟县,4637
12719,歙县,4220
12719,宁国,1255
12719,宿州,1392
12719,家朋,1168
12719,岳西,1184
12719,桐城,1769
12719,寿县,1119
12719,齐云山镇,1297
12719,潜山,1462
12719,南屏,1480
12719,金寨,1306
12719,淮北,2089
12719,呈坎,1088
12719,三河古镇,1366
12719,阜阳,1599
12719,休宁,1507
12719,石台,1543
12719,石潭,1256
12719,青阳,1153
12719,肥西,1240
12719,深渡镇,1060
12719,旌德,1324
12719,广德,1340
12719,唐模,1296
12719,凤阳,1278
12719,祁门,1285
12719,天长,1327
12719,卢村,1436
12719,西溪南镇,1297
12719,当涂,1472
12719,霍山县,1015
12719,棠樾,1162
12719,怀远,1006
12719,潜口,1220
12719,舒城,1275
12719,和县,1446
12719,无为,1482
12719,明光,1456
12719,芜湖县,1188
12719,长丰,1254
12719,来安,1107
12719,郎溪,1086
12719,灵璧,1055
12719,界首,1164
12719,宿松,1323
12719,涡阳,1243
12719,繁昌,1444
12719,定远,1476
12719,庐江,1063
12719,砀山,1068
12719,太湖县,1291
12719,颍上,1077
12719,东至,1379
12719,肥东,1193
12719,霞坑,1129
12719,全椒,1422
12719,蔡村,1126
12719,濉溪,1446
12719,望江,1444
12719,南陵,1409
12719,蒙城,1373
12719,含山,1129
12719,太和,1241
12719,萧县,1295
12719,五河,1403
12719,临泉,1083
12719,霍邱,1328
12719,利辛,1254
12719,蜀源村,1198
12719,昌溪乡,1231
12719,郑村镇,1288
12719,泗县,1124
12719,枞阳,1399
12719,阜南,1009
12719,南谯,1230
12719,皖西大裂谷,1245
12719,琅琊山,1151
12719,天堂寨,1437
12719,龙须山,1141
12719,桃花潭,1056
12719,皇藏峪,1008
12719,凤台,1027
12719,垓下,1364
12719,怀宁,1340
12719,牯牛降,1115
12719,清凉峰,1405
12719,太平湖,1077
12719,固镇,1048
15508,井冈山,4348
15508,萍乡,2718
15508,宜春,2365
15508,鹰潭,3153
15508,吉安,2655
15508,龙虎山,1068
15508,抚州,1864
15508,篁岭村,1484
15508,新余,1999
15508,婺源,11077
15508,庐山,10535
15508,南昌,11240
15508,武功山,2733
15508,三清山,6096
15508,景德镇,6915
15508,九江,7212
15508,上饶,4334
15508,赣州,3308
15508,瑶里,1049
15508,石城,1240
15508,瑞金,1313
15508,鄱阳湖,1051
15508,贵溪,1133
15508,樟树,1617
15508,庆源,1137
15508,弋阳,1201
15508,玉山县,1033
15508,新干,1456
15508,新建,1180
15508,龙南,1053
15508,瑞昌,1069
15508,高安,1227
15508,安义古村,1333
15508,德兴,1024
15508,浮梁,1466
15508,丰城,1402
15508,武宁,1479
15508,修水,1226
15508,铅山县,1091
15508,崇义,1419
15508,梅岭,1435
15508,靖安,1118
15508,铜鼓,1268
15508,安福,1236
15508,星子县,1086
15508,芦溪,1092
15508,上高,1275
15508,泰和,1502
15508,于都,1484
15508,永修,1137
15508,乐平,1150
15508,莲花县,1344
15508,信丰,1254
15508,大余,1225
15508,资溪,1195
15508,乐安,1044
15508,遂川,1335
15508,永新,1453
15508,清华镇,1378
15508,金溪,1258
15508,南丰,1025
15508,安远,1083
15508,安义,1340
15508,兴国,1155
15508,黎川,1230
15508,宜黄,1458
15508,鄱阳,1511
15508,进贤,1397
15508,广昌,1123
15508,吉水,1443
15508,会昌,1022
15508,寻乌,1076
15508,宁都,1114
15508,奉新,1206
15508,上犹,1423
15508,东乡,1011
15508,余干,1133
15508,德安,1361
15508,都昌,1357
15508,万载,1254
15508,彭泽,1207
15508,共青城市,1457
15508,渼陂,1196
15508,南矶山,1126
15508,龟峰,1037
15508,孽龙洞,1346
15508,武陵岩,1029
15508,上堡梯田,1215
15508,郭坑口,1029
15508,里仁镇,1378
15508,湖口县,1239
15508,分宜,1476
15508,永丰,1197
15508,万年县,1049
15508,万安,1326
15508,峡江,1475
15508,余江,1463
15508,横峰,1240
15508,上栗,1125
15508,江西齐云山,1357
15508,柘林湖,1094
15508,赣县,1482
15508,崇仁,1449
15508,石城县,1305
15508,定南,1109
15508,南城县,1451
15508,全南,1237
15508,宜丰,1114
15508,广丰,1116
15508,钓源古村,1060
14407,北戴河,16901
14407,秦皇岛,13233
14407,承德,9258
14407,石家庄,10292
14407,张家口,4970
14407,保定,6406
14407,唐山,5933
14407,塞罕坝,3931
14407,草原天路,1607
14407,木兰围场,3079
14407,张北,3235
14407,南戴河,6656
14407,丰宁坝上,1608
14407,邯郸,3493
14407,野三坡,4335
14407,廊坊,5945
14407,崇礼,1453
14407,昌黎,3835
14407,蔚县,2520
14407,丰宁,3360
14407,邢台,2698
14407,沧州,3590
14407,沽源,1971
14407,山海关,1561
14407,白洋淀,1445
14407,乐亭,3077
14407,翡翠岛,2027
14407,涞源,1868
14407,衡水,2663
14407,正定,1105
14407,涿州,3023
14407,易县,1213
14407,兴隆,1325
14407,平山,1133
14407,怀来,1382
14407,小五台,1351
14407,围场县,1324
14407,定州,2017
14407,清东陵,1317
14407,赤城,1239
14407,涞水,1122
14407,井陉,1231
14407,滦州市,1083
14407,霸州,1478
14407,赵县,1111
14407,遵化,1236
14407,西柏坡,1463
14407,迁安,1352
14407,武安,1200
14407,鸡鸣驿古城,1153
14407,抚宁,1453
14407,鹿泉,1384
14407,黄骅,1518
14407,安新,1186
14407,滦平,1130
14407,迁西,1409
14407,宣化,1281
14407,河间,1078
14407,石头村,1063
14407,涿鹿,1408
14407,沙河,1155
14407,大名,1377
14407,涉县,1369
14407,任丘,1192
14407,南宫,1128
14407,泊头,1252
14407,晋州,1175
14407,满城,1210
14407,抱犊寨,1494
14407,阜平,1061
14407,高碑店,1131
14407,曲阳,1337
14407,赞皇,1436
14407,唐县,1096
14407,冀州,1305
14407,深州,1164
14407,灵寿,1085
14407,藁城,1053
14407,新乐,1467
14407,辛集,1211
14407,永年,1404
14407,固安,1404
14407,唐海,1209
14407,顺平,1412
14407,清河,1039
14407,吴桥,1447
14407,香河,1479
14407,巨鹿,1198
14407,磁县,1384
14407,魏县,1462
14407,临城,1218
14407,威县,1086
14407,青龙县,1304
14407,成安,1495
14407,临漳,1385
14407,隆化,1220
14407,故城,1429
14407,平泉,1129
14407,阳原,1114
14407,峰峰矿区,1196
14407,广宗,1473
14407,雄县,1357
14407,望都,1174
14407,大城（河北）,1417
14407,安平,1165
14407,饶阳,1243
14407,定兴,1287
14407,平乡,1159
14407,景县,1503
14407,内丘,1101
14407,无极,1456
14407,元氏,1428
14407,高邑,1219
14407,栾城,1272
14407,柏乡,1127
14407,南和,1300
14407,三河,1453
14407,临西,1083
14407,徐水,1270
14407,隆尧,1332
14407,鸡泽,1146
14407,馆陶,1313
14407,肥乡,1237
14407,广府镇,1074
14407,清苑,1011
14407,深泽,1093
14407,行唐,1272
14407,献县,1411
14407,枣强,1475
14407,独石口镇,1037
14407,宁晋,1172
14407,曲周,1011
14407,东光,1376
14407,任县,1118
14407,古冶,1184
12967,洛阳,13907
12967,郑州,14732
12967,开封,9025
12967,云台山,6423
12967,少林寺,8849
12967,焦作,4827
12967,新乡,4281
12967,安阳,3100
12967,嵩山,2170
12967,郭亮,2598
12967,信阳,2725
12967,龙门石窟,2009
12967,漯河,2034
12967,南阳,3056
12967,三门峡,2678
12967,栾川,1775
12967,登封,1899
12967,许昌,2752
12967,鹤壁,1602
12967,修武,1316
12967,新郑,1436
12967,鲁山,1492
12967,禹州,1186
12967,新密,1227
12967,灵宝,1303
12967,永城,1286
12967,舞钢,1205
12967,商丘,2370
12967,平顶山,2570
12967,林州,1427
12967,驻马店,2203
12967,巩义,1958
12967,济源,1723
12967,辉县,1155
12967,周口,1925
12967,濮阳,1793
12967,沁阳,1226
12967,淮阳,1136
12967,西峡,1194
12967,嵩县,1165
12967,新安,1344
12967,荥阳,1078
12967,神垕,1295
12967,汝州,1481
12967,偃师,1206
12967,兰考,1467
12967,郏县,1119
12967,博爱县,1222
12967,淅川,1010
12967,商城县,1263
12967,洛宁,1218
12967,鹿邑,1145
12967,方城,1075
12967,渑池,1006
12967,中牟,1234
12967,义马,1154
12967,卫辉,1374
12967,邓州,1426
12967,汤阴,1428
12967,长葛,1041
12967,遂平,1413
12967,鄢陵,1233
12967,项城,1387
12967,潢川县,1217
12967,民权县,1470
12967,西华,1232
12967,临颍,1138
12967,西平,1318
12967,社旗,1074
12967,宜阳,1107
12967,宝丰,1378
12967,新野,1285
12967,南召,1242
12967,孟津,1485
12967,桐柏,1345
12967,汝阳,1092
12967,温县,1090
12967,舞阳,1184
12967,浚县,1175
12967,内乡,1134
12967,新县,1082
12967,武陟,1433
12967,汝南,1476
12967,南街村,1191
12967,确山,1499
12967,沈丘,1401
12967,滑县,1431
12967,封门村,1215
12967,淇县,1092
12967,固始,1048
12967,正阳,1284
12967,镇平,1297
12967,泌阳,1205
12967,罗山县,1440
12967,卢氏,1299
12967,叶县,1452
12967,襄城,1301
12967,伊川,1283
12967,原阳,1193
12967,唐河,1480
12967,光山县,1396
12967,上街区,1173
12967,长垣,1162
12967,杞县,1238
12967,郸城县,1316
12967,宁陵县,1191
12967,扶沟,1369
12967,通许,1174
12967,河南老君山,1455
12967,嵖岈山,1261
12967,柘城县,1310
12967,虞城县,1357
12967,范县(濮阳市),1484
12967,台前县,1235
12967,南乐,1347
12967,清丰,1437
12967,夏邑县,1400
12967,平舆,1348
12967,新蔡,1089
12967,上蔡,1206
12967,封丘,1355
12967,获嘉,1196
12967,内黄,1331
12967,睢县,1361
12967,龙峪湾,1336
12967,薄山湖,1083
12967,延津,1042
12967,红旗渠,1077
12967,太康,1466
12967,尉氏,1404
12967,祥符区,1436
12967,万仙山,1192
12967,神农山,1489
12967,马村区,1027
12967,康百万庄园,1325
12720,呼伦贝尔,5279
12720,海拉尔,4279
12720,阿尔山,3269
12720,额济纳旗,3490
12720,呼和浩特,6653
12720,乌兰布统,1540
12720,满洲里,3915
12720,额尔古纳,3044
12720,克什克腾旗,3159
12720,锡林郭勒,3253
12720,赤峰,3743
12720,包头,4924
12720,鄂尔多斯,3696
12720,阿拉善,2528
12720,乌兰察布,2445
12720,库布齐沙漠,2569
12720,巴丹吉林,2280
12720,通辽,2410
12720,阿拉善左旗,1309
12720,室韦,1396
12720,恩和,1244
12720,达里诺尔湖,1445
12720,扎兰屯,1581
12720,库伦旗,1087
12720,太仆寺旗,1367
12720,牙克石,1335
12720,霍林郭勒,1299
12720,锡林浩特,2568
12720,兴安盟,1341
12720,乌海,1754
12720,巴彦淖尔,1950
12720,乌拉盖,1262
12720,乌兰浩特,1949
12720,二连浩特,1473
12720,根河,1490
12720,多伦,1461
12720,西乌珠穆沁旗,1410
12720,达拉特旗,1057
12720,陈巴尔虎旗,1336
12720,正蓝旗,1276
12720,翁牛特旗,1132
12720,东乌珠穆沁旗,1405
12720,库尔滨,1397
12720,丰镇,1060
12720,阿拉善右旗,1175
12720,奈曼旗,1379
12720,乌梁素海,1094
12720,察哈尔右翼后旗,1398
12720,临江屯,1221
12720,突泉,1395
12720,察哈尔右翼中旗,1485
12720,新巴尔虎左旗,1304
12720,伊金霍洛旗,1335
12720,新巴尔虎右旗,1361
12720,乌拉特前旗,1387
12720,阿荣旗,1143
12720,巴林右旗,1358
12720,苏尼特左旗,1192
12720,苏尼特右旗,1376
12720,土默特左旗,1410
12720,兴和,1144
12720,喀喇沁旗,1193
12720,科尔沁左翼后旗,1094
12720,鄂伦春自治旗,1070
12720,武川,1263
12720,清水河,1354
12720,四子王旗,1265
12720,东胜区,1343
12720,凉城,1112
12720,科尔沁右翼中旗,1035
12720,达尔罕茂明安联合旗,1240
12720,杭锦旗,1101
12720,扎鲁特旗,1010
12720,正镶白旗,1222
12720,乌审旗,1444
12720,科尔沁左翼中旗,1407
12720,土默特右旗,1230
12720,察哈尔右翼前旗,1022
12720,阿鲁科尔沁旗,1136
12720,化德,1253
12720,固阳,1271
12720,镶黄旗,1398
12720,白云鄂博,1098
12720,准格尔旗,1396
12720,巴林左旗,1326
12720,东河,1144
12720,五原,1290
12720,林西,1386
12720,卓资,1377
12720,鄂托克前旗,1469
12720,乌拉特中旗,1339
12720,宁城,1310
12720,磴口,1451
12720,鄂托克旗,1448
12720,鄂温克族自治旗,1435
12720,商都,1085
12720,托克托,1086
12720,和林格尔,1482
12720,阿巴嘎旗,1331
12720,敖汉旗,1078
12720,开鲁,1003
12720,乌拉特后旗,1171
12720,科尔沁右翼前旗,1062
12720,扎赉特旗,1280
12720,莫力达瓦达斡尔族自治旗,1349
12720,杭锦后旗,1079
12720,居延海,1388
12720,格根塔拉,1030
12720,美林谷,1084
12720,响沙湾,1211
12720,呼伦湖,1425
12720,辉腾锡勒草原,1480
12720,毛乌素沙漠,1009
12720,浑善达克,1383
12720,乌珠穆沁,1176
12720,多伦湖,1116
16215,哈尔滨,20315
16215,大连,21693
16215,长白山,7951
16215,沈阳,16323
16215,漠河,3487
16215,雪乡,4478
16215,长春,11153
16215,丹东,5480
16215,五大连池,2608
12720,代钦塔拉,1277
12720,腾格里沙漠,1618
12720,巴彦查干镇,1345
12720,希拉穆仁草原,1287
12720,灯笼河草原,1102
12720,莫尔道嘎,1466
12720,呼和诺尔,1223
12720,嘎拉德斯汰,1170
12720,岱海,1095
16215,本溪,4127
16215,盘锦,3948
16215,葫芦岛,5284
16215,延吉,4033
16215,吉林市,6035
16215,锦州,5126
16215,伊春,2158
16215,牡丹江,4014
16215,兴城,4271
16215,抚顺,4508
16215,大兴安岭,2509
16215,雾凇岛,2497
16215,鞍山,4297
16215,营口,3820
16215,黑河,2227
16215,齐齐哈尔,3465
16215,亚布力,1517
16215,东戴河,1454
16215,大庆,3579
16215,辽阳,3052
16215,旅顺,2151
16215,延边,2291
16215,鲅鱼圈,1572
16215,绥中,3028
16215,佳木斯,2595
16215,抚远,1669
16215,白山,2040
16215,海林,1292
16215,通化,2377
16215,铁岭,2128
16215,宽甸,1120
16215,逊克,1457
16215,阜新,2321
16215,白城,2122
16215,千山,1561
16215,长海,1075
16215,珲春,1562
16215,鸡西,1634
16215,朝阳,1139
16215,集安,1195
16215,松花湖,1500
16215,绥芬河,1657
16215,图们,1613
16215,五常,1515
16215,凤城,1526
16215,本溪县,1074
16215,查干湖,1274
16215,绥化,1672
16215,止锚湾,1476
16215,鹤岗,1439
16215,万达长白山滑雪度假区,1282
16215,四平,1360
16215,北大壶,1136
16215,庄河,1470
16215,东港,1302
16215,尚志,1304
16215,龙井,1347
16215,蛟河,1256
16215,盖州,1240
16215,金州,1270
16215,抚松,1381
16215,海城,1199
16215,密山,1206
16215,双鸭山,1563
16215,宁安,1123
16215,灯塔,1201
16215,凌源,1475
16215,普兰店,1399
16215,虎林,1092
16215,梅河口,1080
16215,北安,1097
16215,乌苏里江,1203
16215,长白,1303
16215,敦化,1160
16215,临江,1061
16215,辽源,1720
16215,瓦房店,1509
16215,安图,1272
16215,松原,1333
16215,桓仁,1376
16215,同江,1294
16215,北镇,1042
16215,德惠,1452
16215,七台河,1318
16215,塔河,1484
16215,嘉荫,1393
16215,富锦,1353
16215,大石桥,1287
16215,新青区,1472
16215,北票,1441
16215,大洼,1038
16215,开原,1489
16215,调兵山,1302
16215,磐石,1474
16215,和龙,1494
16215,辉南,1508
16215,木兰,1174
16215,新民,1057
16215,新宾,1109
16215,宾县,1179
16215,大安,1473
16215,肇东,1338
16215,公主岭,1337
16215,双辽,1401
16215,洮南,1109
16215,岫岩,1428
16215,九台,1394
16215,凌海,1464
16215,桦甸,1035
16215,清原,1465
16215,东宁,1316
16215,舒兰,1090
16215,榆树,1284
16215,呼玛,1405
16215,饶河,1378
16215,汤旺县,1246
16215,杜尔伯特,1487
16215,建昌,1506
16215,依安,1319
16215,友谊,1313
16215,义县,1098
16215,法库,1379
16215,永吉,1456
16215,铁力,1134
16215,乾安,1138
16215,前郭尔罗斯县,1294
12684,台北,13040
12684,垦丁,8360
12684,花莲,6907
12684,高雄,8023
12684,台中,5829
12684,九份,5328
12684,金门,2104
12684,南投,4037
12684,阿里山,5042
12684,台南,4650
12684,屏东,3787
12684,台东,3220
12684,桃园,2066
12684,嘉义,3586
12684,淡水,4939
12684,宜兰,2898
12684,新北,1422
12684,恒春,1140
12684,日月潭,1468
12684,基隆,3400
12684,成功,1266
12684,澎湖,1649
12684,绿岛,1102
12684,彰化,2438
12684,北投,1589
12684,平溪,1425
12684,吉安乡,1193
12684,马祖,1377
12684,狮子,1287
12684,水里,1256
12684,大树,1400
12684,云林,1395
12684,竹崎乡,1391
12684,新城,1421
12684,鱼池,1311
12684,关山,1400
12684,池上,1369
12684,斗南,1154
12684,寿丰,1143
12684,鹿港,1049
12684,五结,1107
12684,鹿野,1405
12684,大社,1215
12684,枋寮,1052
12684,仁爱,1327
12684,苗栗,1623
12684,兰屿,1216
12684,礁溪,1437
12684,瑞芳,1502
12684,金山,1398
12684,琉球,1413
12684,新竹县,1699
12684,西湖乡,1221
12684,嘉义县,1060
12684,太麻里,1386
12684,湖口,1138
12684,和美,1075
12684,埔里,1190
12684,春日,1337
12684,头城,1098
12684,苏澳,1465
12684,金湖,1151
12684,凤山,1342
12684,三星（台湾）,1220
12684,北港,1453
12684,秀林,1378
12684,中坜,1230
12684,大溪,1451
12684,集集,1270
12684,公馆乡,1230
12684,水上乡,1177
12684,罗东,1281
12684,新竹市,1048
12684,关西镇,1041
12684,竹北,1483
12684,信义,1075
12684,卑南,1397
12684,乌来,1240
12684,马公,1019
12684,九如,1122
12684,新店,1136
12684,番路乡,1014
12684,三义,1190
12684,大湖,1207
12684,玉里,1401
12684,虎尾,1199
12684,溪湖,1183
12684,鹿谷,1495
12684,牡丹乡,1198
12684,梅山乡,1237
12684,延平,1237
12684,富里,1372
12684,湖西,1377
12684,新园,1146
12684,七美,1029
12684,布袋,1259
12684,东港镇,1355
12684,大武,1320
12684,车城乡,1052
12684,西螺,1015
12684,土库,1498
12684,丰滨,1237
12684,万荣乡,1001
12684,新港乡,1012
12684,大寮,1400
12684,尖石,1339
12684,太保,1167
12684,光复,1002
12684,雾台,1015
12684,草屯,1490
12684,苑里,1076
12684,达仁,1352
12684,北斗,1386
12684,金峰,1136
12684,竹南,1372
12684,东石乡,1413
12684,三地门,1196
12684,峨眉乡,1136
12684,冬山乡,1024
12684,斗六,1269
12684,北埔,1403
12684,竹山,1173
12684,潮州镇,1479
12684,铜锣乡,1263
12684,金沙镇,1470
12684,满州,1076
10189,香港迪士尼,1392
10189,南丫岛,1435
10189,赤柱,1100
10189,香港海洋公园,1496
10189,石澳,1500
10189,中环,1141
10189,太平山,1211
10189,卫奕信径,1029
10189,麦理浩径,1381
10189,港岛径,1043
10189,庙街,1489
10189,东平洲,1265
10189,大澳,1134
10189,大屿山,1046
10189,香港长洲,1286
10189,凤凰径,1136
10189,石壁郊游径,1369
10189,船湾淡水湖,1061
10189,大美督,1424
10189,尖沙咀,1176
12684,玛家,1005
12684,泰武,1409
12684,竹田,1428
12684,万峦,1247
12684,内埔,1224
12684,新埤,1405
12684,来义,1172
12684,凤林,1426
12684,卓溪,1455
10183,东京,9350
10183,大阪,7088
10183,京都,6668
10183,名古屋,3124
10183,札幌,2744
10183,关西,1276
10183,箱根,3654
10183,富士山,4751
10183,奈良,3155
10183,那霸,1439
10183,神户,2453
10183,九州,1264
10183,东京迪士尼,1183
10183,镰仓,1732
10183,富士河口湖,1289
10183,登别,1647
10183,函馆,1432
10183,福冈市,1186
10183,横滨,3210
10183,本州,1248
10183,高松市,1105
10183,小樽,1990
10183,静冈,2054
10183,长崎,1541
10183,富良野,1593
10183,熊本,1305
10183,旭川市,1264
10183,鹿儿岛,1773
10183,白川乡,1476
10183,白滨町,1066
10183,浦安市,1095
10183,本部町,1473
10183,北九州,1288
10183,广岛,1756
10183,别府市,1455
10183,仙台,1304
10183,伊豆市,1695
10183,四国,1454
10183,金泽市,1179
10183,飞驒高山,1212
10183,钏路市,1289
10183,恩纳村,1243
10183,美瑛町,1351
10183,御殿场,1531
10183,新千岁机场,1476
10183,轻井泽,1228
10183,日光,1420
10183,洞爷湖,1354
10183,关西国际机场,1244
10183,岚山,1183
10183,和歌山市,1360
10183,东京国际机场,1406
10183,藤泽市,1160
10183,川崎,1201
10183,千岁市,1292
10183,宇治,1317
10183,濑户内海,1207
10183,二世古,1084
10183,下吕温泉,1236
10183,占冠村,1048
10183,星野,1380
10183,成田国际机场,1074
10183,鸟取市,1510
10183,伊东,1112
10183,富士吉田市,1478
10183,网走,1357
10183,石垣岛,1224
10183,由布市,1392
10183,千叶,1571
10183,热海市,1248
10183,知床,1158
10183,宫古岛市,1202
10183,松山市,1198
10183,立山黑部,1321
10183,关东,1231
10183,屋久岛,1113
10183,宫崎,1062
10183,小豆岛,1356
10183,冈山,1040
10183,成田市,1504
10183,富山市,1314
10183,常滑市,1382
10183,直岛,1289
10183,汤布院,1333
10183,石垣市,1334
10183,姬路市,1136
10183,草津町,1147
10183,大津市,1464
10183,泉佐野市,1239
10183,高野山,1493
10183,佐世保市,1421
10183,丰见城市,1006
10183,小田原市,1423
10183,三鹰,1289
10183,埼玉市,1535
10183,北谷町,1248
10183,新潟市,1353
10183,松本市,1078
10183,指宿市,1049
10183,名护市,1263
10183,嬉野市,1340
10183,白马村,1237
10183,阿苏市,1059
10183,秋田市,1377
10183,德岛市,1233
10183,安比高原滑雪度假村,1025
10183,河津町,1075
10183,室兰市,1370
10183,仓敷,1162
10183,高知市,1159
10183,伊豆大岛,1257
10183,稚内,1187
10183,八王子市,1261
10183,志贺高原,1009
10183,丰冈市,1359
10183,大分市,1347
10183,淡路岛,1037
10183,福岛市,1292
10183,沼津市,1393
10183,富士市,1214
10183,宫岛,1103
10183,下关市,1405
10183,川越,1426
10183,三重郡,1438
10183,山形市,1080
10183,留寿都滑雪场,1400
10183,山中湖村,1173
10183,弘前市,1060
10183,福山市,1208
10183,带广,1367
10183,鸟羽市,1419
10183,人吉市,1393
10183,奥飞驒温泉乡,1198
10183,福井市,1378
10183,天桥立,1444
10083,素万那普机场,1232
10083,沙美岛,2494
10083,皮皮岛,5649
10083,廊曼国际机场,1471
10083,丽贝岛,1508
10083,斯米兰,1470
10083,涛岛,1398
10083,清莱,2783
10083,兰达岛,1578
10083,奥南,1257
10083,普吉国际机场,1172
10083,清迈国际机场,1301
10083,大城,2253
10083,泰国南部,1380
10083,素可泰,1506
10083,泰国北部,1002
10083,合艾,1537
10083,董里,1269
10083,叻丕,1016
10083,阁兰岛,1231
10083,大长岛,1347
10083,泰庄,1364
10083,沙敦,1305
10083,玛岛,1153
10083,西昌岛,1174
10083,竹古巴县,1338
10083,美斯乐,1080
10083,邦帕利,1290
10083,安帕瓦,1128
10083,罗勇,1298
10083,帕岸岛,1400
10083,阁拍岩,1229
10083,长岛(攀牙),1195
10083,狗骨岛,1188
10083,呵叻,1283
10083,七岩,1281
10083,南邦,1357
10083,是拉差,1083
10083,清康,1208
10083,乌隆他尼,1018
10083,清孔,1105
10083,吞武里,1274
10083,班佩,1496
10083,美塞县,1110
10083,拷叻,1078
10083,廊开,1197
10083,挽捎通县,1094
10083,小长岛,1384
10083,佛统,1341
10083,湄林,1069
10083,碧差汶,1343
10083,亚兰,1412
10083,美旺,1183
10083,北冲县,1272
10083,清盛,1494
10083,三出,1037
10083,湄登,1383
10083,讪柿,1142
10083,范县,1221
10083,山甘烹,1269
10083,考柯,1240
10083,湄索,1051
10083,夜沙良,1475
10083,奔屏县,1030
10083,坤戎,1330
10083,班克兰,1135
10083,廉愚县,1198
10083,夜佬县,1195
10083,班清,1176
10083,安康山,1302
10083,景溪,1463
10083,沙蒙,1215
10083,尼空县,1302
10083,娘隆,1144
10083,佛太颂,1479
10083,春丕,1347
10083,坤敬直辖县,1226
10083,林信,1477
10083,竹古通县,1107
10083,来兴,1386
10083,蕴朋县,1434
10083,空銮县,1317
10083,王南安科,1181
10083,丹塞,1258
10083,挽巴功县,1430
10083,宗通,1236
10083,塔帕侬,1037
10083,夜岁县,1028
10083,远巴保县,1352
10083,春那目,1145
10754,芽笼,1059
10754,乌敏岛,1387
10754,花芭山,1462
10181,婆罗浮屠,1519
10181,韦岛,1044
10181,万隆,1210
10181,图兰奔,1332
10181,达拉湾,1052
10181,水明漾,1313
10181,新当,1401
10181,外南梦,1484
10181,四王群岛,1501
10181,西努沙登加拉,1069
10181,吉安雅,1023
10181,巴淡群岛,1682
10181,布罗莫火山,1517
10181,登巴萨,1169
10181,苏腊巴亚,1309
10181,克隆孔,1275
10181,棉兰,1422
10181,佩尼达岛,1107
10181,三宝垄,1454
10181,圣吉吉,1163
10181,罗威那,1338
10181,卡郎阿森,1023
10181,苏门答腊,1180
10181,勿里洞岛,1168
10181,巴厘巴板,1483
10181,普兰巴南,1290
10181,班达亚齐,1294
10181,巴厘岛,7097
10181,美娜多,1080
10181,龙目岛,1443
10181,雅加达,1922
10181,民丹岛,1811
10181,蓝梦岛,1377
10181,日惹,1592
10181,金巴兰,1435
10181,科莫多,1490
10181,卡里汶爪哇,1314
10181,巴图,1254
10181,马塔兰,1122
10181,哲帕拉,1387
10181,白努亚港,1472
10181,八丹拜,1427
10181,拉哈,1368
10181,邦加槟港,1241
10181,伊津高原,1084
10181,松巴,1274
10181,索埃,1437
10181,伯劳,1348
10181,不拉士打宜,1113
10181,打拉根,1328
10181,大松巴哇,1430
10181,新加拉惹,1015
10181,古突士,1453
10181,淡目,1177
10181,芝拉扎,1146
10181,巴拉巴特,1123
10181,北加浪岸,1300
10181,武吉丁宜,1275
10181,安巴拉哇,1020
10181,姆杜克,1047
10181,迪延高原,1145
10181,杜亚岛,1378
10181,巴芝丹,1342
10181,望加锡,1274
10181,巴东,1048
10181,玛琅,1343
10181,塔巴南,1261
10181,班达群岛,1394
10181,茂物,1283
10181,沙璜,1191
10181,梭罗,1037
10181,艾湄湾,1214
10181,卡利安达,1172
10181,勿里达,1236
10181,萨朗干,1006
10181,卡里乌昂,1400
10181,帕朗特里蒂斯,1478
10181,塔望芒武,1095
10181,佩姆特兰,1177
10181,特洛武兰,1201
10181,庞里,1201
10181,丹戎槟榔,1023
10181,庞岸达兰,1455
10181,巴里巴里,1295
10181,马马沙,1395
10181,特特巴都,1095
10181,兰特包,1066
10181,武吉拉旺,1387
10181,特尔纳特岛,1054
10181,肯达里,1217
10181,阿洛岛,1299
10181,沙马林达,1240
10181,毛梅雷,1227
10181,奈贝亚拉,1245
10181,拉姆巴塔,1382
10181,吉打邦,1343
10181,班贾尔马辛,1438
10181,巴贾瓦,1488
10181,曼诺瓦里,1077
10181,梭隆,1080
10181,鲁滕,1383
10181,拉姆邦,1220
10181,展玉,1430
10181,井里汶,1168
10181,帕拉布安拉图,1355
10181,苏加武眉,1241
10181,塞马拉普拉,1030
10181,塞里布群岛,1418
10181,比亚克岛,1486
10181,查雅普拉,1324
10181,安亚尔·基杜尔,1143
10181,芝波达斯,1006
10181,丹戎勒斯昂,1235
10181,贾里达,1216
10181,打横,1065
10097,吉隆坡,11297
10097,亚庇,4828
10097,仙本那,2531
10097,兰卡威,3831
10097,槟城,3771
10097,马六甲,6331
10097,新山,1263
10097,热浪岛,2165
10097,卡帕莱岛,1466
10097,斗湖,1217
10097,马布岛,1405
10097,美人鱼岛,1325
10097,停泊岛,1647
10097,马达京岛,1530
10097,怡保,1869
10097,浪中岛,1035
10097,古晋,1331
10097,诗巴丹,1381
10097,丰盛港,1113
10097,士兆,1060
10097,古达,1046
10097,哥打巴鲁,1504
10097,斗亚兰,1450
10097,邦咯岛,1409
10097,绿中海,1073
10097,文冬,1159
10097,八打灵再也,1092
10097,刁曼岛,1337
10097,云顶,1634
10097,金马伦高原,1627
10097,山打根,1324
10097,布城,1631
10097,乔治敦,1446
10097,瓜拉登嘉楼,1277
10097,关丹,1343
10097,波德申,1621
10097,古来再也,1063
10097,美里,1402
10097,纳闽,1491
10097,诗巫,1165
10097,巴生,1337
10097,曼绒,1145
10097,适耕庄,1086
10097,居銮,1150
10097,峇都丁宜,1151
10097,麻坡,1063
10097,龟咯岛,1067
10097,加影,1424
10097,拉瑙,1198
10097,民都鲁,1398
10097,林梦,1187
10097,西必洛,1141
10097,沙白安南,1284
10097,而连突,1167
10097,玻璃市,1264
10097,哥打士打,1237
10097,巴西马士,1048
10097,百乐,1450
10097,龙运,1305
10097,丁宜岛,1424
10097,瓜拉姆达,1492
10097,巴东得腊,1112
10097,巴当帕当,1466
10097,野新,1002
10097,甘马挽,1180
10097,乌鲁登嘉楼,1292
10097,亚罗牙也,1182
10097,礼让,1341
10097,贝苏特,1361
10097,笨珍,1151
10097,华玲,1067
10097,吉辇,1292
10097,瓜拉江沙,1367
10097,阿罗士打,1094
10097,实必丹,1034
10097,福隆港,1141
10097,瓜拉立卑,1276
10097,山都望,1169
10180,芽庄,3659
10180,岘港,2883
10180,胡志明市,5300
10180,河内,4611
10180,大叻,3100
10180,美奈,2811
10180,富国岛,1530
10180,潘切,1078
10180,会安,3158
10180,下龙市,1255
10180,北宁市,1119
10180,三岛,1220
10180,萨帕,1038
10180,吉婆岛,1304
10180,海阳,1005
10180,芹苴,1402
10180,宁平,1283
10180,归仁,1036
10180,藩朗-塔占市,1101
10180,昆岛,1322
10180,邦美蜀,1420
10180,吉海,1012
10180,边和,1139
10180,清化市,1022
10180,谅山,1267
10180,荣市,1151
10180,莱州市,1070
10180,昆嵩,1060
10180,朱笃,1370
10180,金瓯,1500
10180,河江,1212
10180,茶荣,1041
10180,龙边郡,1122
10180,绥和,1334
10180,广义市,1413
10180,美萩,1030
10180,高领,1405
10180,永隆,1395
10180,藩朗,1251
10180,槟椥,1225
10180,迪石,1345
10180,龙川市,1070
10180,河仙,1198
10180,朔庄,1343
10180,奠边,1381
10180,北河县,1468
10180,团洲岛,1088
10180,高平市,1337
10180,枚州县,1159
10180,和平市,1109
10180,炉门镇,1261
10180,波来古市,1362
10180,保禄,1258
10180,土龙木市,1103
10180,昆山岛,1278
10180,三歧市,1081
10180,同海市,1386
10180,东河市,1300
10070,暹粒,5744
10070,吴哥窟,6539
10070,金边,3780
10070,西哈努克,1934
10070,洞里萨湖,1318
10070,马德望,1358
10070,菩萨,1463
10070,白马市,1235
10070,波贝,1181
10070,贡布,1437
10070,瓜隆岛,1406
10070,戈公,1093
10070,柏威夏,1171
10070,班隆,1441
10070,柴桢,1056
10070,磅克良,1394
10070,桔井,1116
10070,乌栋,1480
10070,磅逊,1141
10070,拜林,1302
10070,上丁,1210
10070,茶胶,1310
10070,安隆汶,1438
10070,Takeo,1196
10070,TbengMeanchey,1303
10070,磅同,1249
10070,磅清扬,1370
10070,磅湛,1366
10070,诗梳风,1122
10070,干丹,1277
10070,SenMonorom,1057
10070,空邦龙,1452
10070,波萝勉,1467
10070,班迭奇马,1464
10179,仰光,1765
10179,曼德勒,1799
10179,蒲甘,2025
10179,敏建,1264
10179,茵莱湖,1529
10179,内比都,1253
10179,勃生,1132
10179,丹老,1488
10179,勃固,1153
10179,密支那,1493
10179,东枝,1098
10179,额布里,1473
10179,实皆,1168
10179,良乌,1071
10179,伊洛瓦底省,1277
10179,眉谬,1491
10179,毛淡棉,1200
10179,巴安,1167
10180,下龙湾,3105
10180,顺化,2363
10180,杨东镇,1142
10180,海防,1821
10180,西宁市,1318
10180,越南老街,1180
10180,太原市,1310
10180,芒街,1062
10180,头顿,1370
10179,密铁拉,1367
10179,NayPyiTaw,1118
10179,维桑海滩,1280
10179,Inwa,1006
10179,Kalaw,1269
10179,Thanhlyin,1104
10179,端迪,1129
10179,东吁,1027
10179,瑞保,1233
10179,NyaungShwe,1100
10067,长滩岛,4514
10067,宿务,2260
10067,杜马盖地,1604
10067,马尼拉,3596
10067,邦劳,1410
10067,锡基霍尔,1266
10067,民马罗巴,1340
10067,科隆岛,1435
10067,马莱,1451
10067,拉普拉普市,1257
10067,莫阿尔博阿尔,1141
10067,马卡蒂,1043
10067,爱妮岛,1605
10067,海豚湾,1221
10067,公主港,1203
10067,科伦,1128
10067,卡利博,1381
10067,塔比拉兰,1113
10067,黎牙实比,1468
10067,道伊斯,1046
10067,克拉克,1071
10067,班塔延,1479
10067,洛克,1229
10067,碧瑶,1531
10067,达沃,1490
10067,卡米金省,1113
10067,阿尼洛,1344
10067,皮纳图博山,1041
10067,大雅台,1347
10067,巴顿港,1371
10067,栋索尔,1336
10067,巴科洛德,1353
10067,维甘,1089
10067,吉马拉斯,1407
10067,三宝颜,1052
10067,萨马尔岛,1055
10067,拉瓦格,1238
10067,道因,1049
10067,Mabalacat,1265
10067,达拉盖地,1460
10067,布湍,1484
10067,八打雁,1178
10067,布桑加岛,1370
10067,苏比克,1470
10067,伊洛伊洛,1401
10067,帕古德普德,1291
10067,南达沃,1243
10067,孔波斯特拉,1244
10067,巴纳韦,1258
10067,民多洛岛,1191
10067,卡莫特斯群岛,1046
10067,库利昂,1346
10067,洛翁,1245
10067,苏碧湾,1274
10067,马来巴来,1347
10067,科雷希多尔,1299
10067,索索贡省,1267
10067,卡加延-德奥罗,1492
10067,巴莱尔,1498
10067,安吉利斯,1413
10067,圣维森特,1013
10067,奎松,1026
10067,朗布隆,1324
10067,塔威塔威,1154
10067,塔克洛班,1482
10067,马阿辛,1191
10067,纳瓦尔,1197
10067,伊利甘,1489
10067,Escalante,1149
10067,奥迪翁岸,1226
10067,那牙,1313
10067,比拉克,1313
10067,奎松,1319
10067,塔利赛,1426
10067,卡拉潘,1088
10067,卢克班,1413
10067,马斯巴特,1203
10067,伊巴,1048
10067,邦都,1351
10067,廷拉延,1441
10067,萨加达,1346
10067,阿拉米诺斯,1031
10067,锡莱,1037
10067,基安甘,1040
10753,斯里巴加湾市,1451
10753,汶莱摩拉县,1354
10753,都东,1047
10753,马来奕,1206
10753,诗里亚,1482
10101,瑞喜敦岛,1105
10101,奥臻岛,1401
10101,宁静岛,1396
10101,薇拉瓦鲁岛,1284
10101,阿玛瑞豪沃达岛,1272
10101,都喜天阙岛,1462
10101,港丽岛,1062
10101,玛娜法鲁岛,1488
10101,双鱼岛,1105
10101,芙花芬岛,1316
10101,丽世岛,1374
10101,伊露岛,1061
10101,奥露岛,1176
10101,奥特瑞格,1434
10101,尼亚玛岛,1019
10101,萨芙莉岛,1103
10101,芙拉瓦丽岛,1117
10101,魔富士岛,1116
10101,第六感拉姆岛,1357
10101,泰姬珊瑚岛,1465
10101,安娜塔拉吉哈瓦岛,1403
10101,戴加利岛,1178
10101,卓美亚维塔维丽岛,1168
10101,美露丽芙岛,1144
10101,康杜玛岛,1381
10101,白马庄园,1083
10101,北马累环礁,1048
10101,哈达哈岛,1118
10101,德瓦娜芙希岛,1143
10101,卡尼岛,1099
10101,安嘎嘎岛,1346
10101,班度士岛,1334
10101,四季库达呼拉岛,1058
10101,满月岛,1456
10101,香格里拉岛,1421
10101,阿米拉岛,1241
10101,斐诺芙岛,1075
10101,曼德芙仕岛,1461
10101,蕉叶岛,1248
10101,库达富士岛,1299
10101,吉哈岛,1346
10101,莫凡彼岛,1197
10101,翡诺岛,1038
10101,太阳岛,1140
10101,哈库拉岛,1112
10101,马富士瓦鲁岛,1048
10101,南马累环礁,1302
10101,贾尼岛,1236
10101,四季兰达吉拉瓦鲁岛,1267
10101,小班度士岛,1230
10101,玛丽富士岛,1137
10101,安娜塔拉迪古岛,1406
10101,芭环礁,1200
10101,妮兰朵南环礁,1193
10101,泰姬珍品岛,1163
10101,蜜月岛,1206
10101,星宇岛,1308
10101,你和我岛,1393
10101,芙拉薇莉岛,1433
10101,莱佛士梅拉德岛,1266
10101,威斯汀,1374
10101,杜妮可鲁岛,1487
10101,苏妮瓦芙士,1474
10101,拉薇亚妮环礁,1321
10101,坎迪玛,1187
10101,维拉沙露岛,1221
10101,白金岛,1424
10101,瓦宾法鲁岛,1027
10101,斯茹芬富士岛,1292
10101,马富施,1025
10101,瓦卡鲁岛,1262
10101,阿杜环礁,1334
10101,卡努呼拉岛,1144
10101,维利甘度岛,1468
10101,可可尼岛,1253
11213,哈塔,1266
11213,豪尔费坎,1163
11699,德黑兰,1171
11699,设拉子,1342
11699,亚兹德,1176
11699,库姆,1349
11699,卡尚,1422
11699,大不里士,1352
11699,马什哈德,1309
11699,阿巴斯港,1162
11699,胡齐斯坦,1466
11213,迪拜,3211
11213,阿布扎比,2304
11213,沙迦,1404
11213,乌姆盖万,1155
11213,阿治曼,1177
11213,拉斯海马,1426
11213,富吉拉,1133
11213,拉斯阿尔卡麦,1040
11213,艾恩,1204
11699,布什尔,1381
11699,马夫达沙特,1288
11699,呼罗珊,1151
11699,基什岛,1121
11699,格什姆岛,1457
11699,阿瓦士,1304
11699,萨里市,1129
11699,达姆甘,1307
11699,哈马丹,1125
11699,塞姆南,1140
11699,凯拉尔达什特,1326
11699,戈尔甘,1160
11699,舒什,1202
11699,萨南达季,1230
11699,霍拉马巴德,1171
11699,舒什塔尔,1437
11699,克尔曼沙赫,1037
11699,马库,1462
11699,扎黑丹,1167
11699,赞詹,1041
11699,阿尔达比勒,1422
11699,霍尔木兹岛,1065
11699,拉什特,1485
11699,吉兰省,1196
11699,克尔曼,1173
11699,巴姆,1393
11699,纳坦兹,1412
11699,阿卜亚内赫,1024
11699,霍伊,1386
11699,加兹温,1409
11699,乌尔米耶,1455
11699,达马万德,1215
11058,科伦坡,2567
11058,康提,1984
11058,加勒,1534
11058,尼甘布,1267
11058,努沃勒埃利耶,1528
11058,锡吉里耶,1689
11058,马特莱,1392
11058,亭可马里,1494
11058,丹布拉,1723
11058,马特勒,1273
11058,雅拉国家公园,1098
11058,汉班托塔,1309
11058,米瑞莎,1444
11058,埃勒,1143
11058,阿努拉德普勒,1482
11058,蒂瑟默哈拉默,1447
11058,波隆纳鲁沃区,1094
11058,巴杜勒,1125
11058,贾夫纳,1458
11058,乌纳瓦图纳,1108
11058,本托塔,1180
11058,哈伯勒内,1020
11058,希克杜沃,1017
11058,韦利格默,1094
11058,拉特纳普勒,1391
11058,马纳尔,1285
11058,拜蒂克洛,1079
11058,宾纳瓦拉,1259
11058,库鲁内格勒,1218
11058,萨伯勒格穆沃,1325
11058,卡尔皮蒂耶,1435
11058,卡塔拉加玛,1389
11058,基图尔格勒,1437
11058,贝利赫欧亚,1407
11058,安帕赖,1353
11058,尼拉瓦利,1221
11058,瓦武尼亚,1366
11058,阿鲁特格默,1479
11058,米欣特莱,1500
11058,哈普塔勒,1462
11058,韦勒沃耶,1209
11058,班德勒韦勒,1160
11058,莫讷勒格勒,1472
10069,卢卡拉,1287
10069,本迪布尔,1240
10069,萨朗科,1281
10069,木斯塘,1387
10069,希-佛克桑多国家公园,1247
10069,坦森,1210
10069,廓尔喀,1080
10069,巴平,1234
10069,萨恩库,1309
10069,加德满都,4516
10069,博卡拉,4101
10069,巴德岗,2892
10069,奇特旺,2089
10069,蓝毗尼,1975
10069,纳加阔特,1693
10069,卡斯基,1102
10069,帕坦,1202
10069,安纳普尔纳峰,1147
10069,索卢坤布,1196
10069,布加马提,1035
10069,提米,1366
10069,索拉哈,1429
10069,ParsaWildlifeReserve,1365
10069,ShuklaphantaWildlifeReserve,1077
10069,KoshiTappuWildlifeReserve,1138
10069,BankeNationalPark,1457
10069,ShivapuriNagarjunNationalPark,1219
10069,DhorpatanHuntingReserve,1343
10069,AnnapurnaConservationArea,1218
10069,ManasluConservationArea,1304
10069,GaurishankarConservationArea,1299
10069,ApiNampaConservationArea,1245
10069,MakaluBarunNationalPark,1004
10069,BlackbuckConservationArea,1110
10069,干城章嘉峰保护区,1411
10069,LangtangNationalPark,1273
10069,帕诺提,1230
10069,杜利克尔,1290
10069,塔达帕尼,1026
10069,加雷帕蓝恰克,1325
10069,贾纳克布尔专区,1494
10069,马南,1154
10069,奇提普,1294
10069,KhaptadNationalPark,1192
10069,纳拉扬嘉,1397
10069,萨加玛塔国家公园,1039
10069,RaraNationalPark,1091
10069,BardiyaNationalPark,1126
10182,乌代布尔,1568
10182,阿姆利则,1332
10182,班加罗尔,1415
10182,拉贾斯坦邦,1317
10182,克久拉霍,1451
10182,杰伊瑟尔梅尔,1112
10182,瑞诗凯诗,1109
10182,海得拉巴,1507
10182,菩提伽耶,1164
10182,新德里,2071
10182,孟买,1660
10182,阿格拉,1886
10182,瓦拉纳西,1796
10182,斋普尔,1670
10182,加尔各答,1520
10182,印度北部,1146
10182,焦特布尔,1319
10182,金奈,1514
10182,大吉岭,1156
10182,康坎,1404
10182,迈索尔,1268
10182,印度东部,1273
10182,马哈拉施特拉邦,1499
10182,斯利那加,1232
10182,喜马偕尔邦,1179
10182,科钦,1259
10182,喀拉拉邦,1438
10182,安达曼群岛,1133
10182,拉达克专区,1225
10182,列城,1185
10182,卡纳塔克邦,1307
10182,艾哈迈达巴德,1162
10182,浦那,1208
10182,鹿野苑,1279
10182,古吉拉特,1191
10182,奥兰加巴德,1461
10182,查塔布尔,1230
10182,特里凡特朗,1302
10182,旁遮普邦,1296
10182,普里,1081
10182,马杜赖,1308
10182,昌迪加尔,1470
10182,马图拉,1261
10182,本地治里,1100
10182,伽耶,1452
10182,印度西部,1273
10182,西姆拉,1435
10182,德拉敦,1094
10182,普什卡,1231
10182,马马拉普拉姆,1217
10182,印多尔,1456
10182,甘吉布勒姆,1308
10182,哥印拜陀,1014
10182,甘尼亚古马里县,1206
10182,戈勒克布尔,1498
10182,占西,1077
10182,碧卡内,1402
10182,西隆,1304
10182,北果阿,1449
10182,巴特那,1435
10182,埃尔讷古勒姆县,1184
10182,阿勒皮,1017
10182,帕纳吉,1264
10182,蒙纳,1064
10182,坎格拉,1379
10182,古瓦哈提,1009
10182,帕哈尔加姆,1058
10182,王舍城,1136
10182,亨比,1025
10182,德瓦尔卡,1236
10182,穆索里,1395
10182,哈里瓦,1323
10182,韦拉瓦尔,1157
10182,拉杰果德,1242
10182,普杰,1324
10182,博尔本达尔,1132
10182,戈恩达尔,1498
10182,乔斯希马特,1466
10182,法泰赫普尔西克里,1408
10182,拉尼凯特,1408
10182,蒂鲁瓦纳马莱,1297
10182,乌塔尔卡斯希,1010
10182,安拉阿巴德,1474
10182,尼尔岛,1468
10182,哈夫洛克岛,1324
10182,布莱尔港,1245
10182,豪拉,1228
10182,赖布尔,1013
10182,达曼县,1400
10182,蒂鲁马拉,1463
10182,法塔赫布尔西格里,1301
10182,巴夫那加尔,1346
10182,米里克,1178
10182,西里古里,1150
10182,库尔塞奥恩格,1408
10182,帕利塔纳,1409
10182,朱纳格特,1201
10182,昌巴县,1117
10182,门格洛尔,1119
10182,梅加拉亚邦,1325
10182,Shravanabelagola,1168
10182,纳西克,1149
10182,贾尔冈,1351
10182,科希马,1129
10182,萨姆巴尔普尔,1328
10182,戈巴尔布尔,1273
10182,布巴内什瓦尔,1112
10182,比德尔,1361
10182,拉梅斯瓦拉姆,1465
10182,泰兹普尔,1391
10182,第乌县,1344
10182,马尔加奥,1151
10182,噶伦堡,1476
10182,泰姬陵,1798
10182,乌塔卡蒙德,1490
10182,贾姆讷格尔,1482
10182,法扎巴德,1201
10182,科纳尔克,1454
10182,哈桑县,1232
10182,马泰兰,1299
10182,瓜廖尔,1176
10182,科兰,1400
10182,博帕尔,1210
10182,桑吉,1287
10182,果塔延县,1313
10182,帕奇马尔希恰恩特特,1282
10062,塞班岛,3215
10062,洛杉矶,5436
10062,纽约,5396
10062,美国西海岸,1145
10062,旧金山,5047
10062,拉斯维加斯,4584
10062,西雅图,2672
10062,华盛顿,4309
10062,黄石国家公园,2117
10062,奥兰多,2586
10062,芝加哥,2739
10062,波士顿,3386
10062,圣地亚哥,2278
10062,迈阿密,2181
10062,美国东海岸,1389
10062,优胜美地国家公园,1624
10062,科罗拉多大峡谷,1550
10062,夏威夷大岛,1274
10062,檀香山,1595
10062,费城,2430
10062,盐湖城,2013
10062,一号公路,1506
10062,大峡谷国家公园,1476
10062,欧胡岛,1300
10062,佩吉,1492
10062,亚特兰大,1709
10062,圣巴巴拉,1307
10062,休斯顿,1787
10062,曼哈顿,1317
10062,波特兰,1818
10062,蒙特雷,1263
10062,茂宜岛,1158
10062,新奥尔良,1337
10062,奥兰治县(佛罗里达州),1364
10062,橙县,1167
10062,费尔班克斯,1505
10062,圣何塞,1962
10062,丹佛,1769
10062,提顿,1150
10062,底特律,1651
10062,尼亚加拉瀑布城,1568
10062,好莱坞,1590
10062,达拉斯,1363
10062,巴尔的摩,1851
10062,锡安国家公园,1452
10062,洛杉矶国际机场,1103
10062,大学城,1347
10062,圣安东尼奥,1544
10062,科科尼诺,1291
10062,死亡谷国家公园,1464
10062,卡梅尔,1224
10062,匹兹堡,1575
10062,棕榈泉,1137
10062,安克雷奇,1066
10062,大西洋城,1699
10062,圣路易斯,1634
10062,菲尼克斯,1372
10062,纽黑文,1536
10062,圣马特奥,1194
10062,克利夫兰,1428
10062,布法罗,1283
10062,纳帕,1097
10062,基韦斯特,1378
10062,博兹曼,1194
10062,硅谷,1048
10062,辛辛那提,1458
10062,库克县,1203
10062,圣路易斯-奥比斯保,1302
10062,杰克逊小镇,1017
10062,堪萨斯城,1622
10062,美国南部,1417
10062,剑桥,1547
10062,塔霍湖,1316
10062,莫诺,1302
10062,美国北部,1249
10062,塞班国际机场,1294
10062,尔湾,1282
10062,坦帕,1238
10062,马里波萨,1448
10062,奥斯汀,1240
10062,查尔斯顿,1139
10062,哥伦布,1074
10062,莫阿布,1085
10062,大雾山国家公园,1360
10062,普林斯顿,1277
10062,密歇根湖,1309
10062,西雅图塔科马国际机场,1050
10062,奥克兰,1121
10062,旧金山国际机场,1347
10062,斯坦福,1314
10062,麦迪逊,1499
10062,圣莫尼卡,1201
10062,可爱岛,1528
10062,弗拉格斯塔夫,1053
10062,圣胡安,1462
10062,明尼阿波利斯,1093
10062,雷诺,1462
10062,米苏拉,1252
10062,杰克逊,1482
10062,沙斯塔,1490
10062,印第安纳波利斯,1428
10062,圣奥古斯丁,1180
10062,红杉国家公园,1216
10062,加拉班,1422
10062,阿尔伯克基,1369
10062,纽瓦克,1303
10062,夏洛特,1167
10062,阿斯本,1357
10062,肯尼迪国际机场,1344
10062,卡纳布,1361
10062,孟菲斯,1153
10062,斯波坎,1209
10062,俄克拉荷马,1062
10062,布鲁克林,1109
10062,萨凡纳,1438
10062,布拉索斯县,1019
10062,费尔法克斯,1271
10062,里弗赛德,1013
10062,索尔万,1362
10062,文图拉,1131
10062,大苏尔,1511
10062,萨克拉门托,1218
10062,新不伦瑞克,1080
10062,科罗纳多,1495
10062,普罗维登斯,1501
10062,范比伦,1427
10062,里士满,1321
10062,路易斯维尔,1374
10062,纳什维尔,1271
10062,尤金,1490
10062,尼亚加拉县,1114
10062,大沼泽地国家公园,1467
10062,伯克利,1299
10062,莫哈维,1462
10062,卡尔斯巴德(圣地亚哥),1511
10122,伦敦,4571
10122,爱丁堡,3015
10122,牛津,2757
10122,剑桥,3234
10122,约克,2259
10122,曼彻斯特,2480
10122,巴斯,2260
10122,英国湖区,2115
10122,格拉斯哥,1849
10122,利物浦,1710
10122,伯明翰,2101
10122,苏格兰高地,1513
10122,温莎,1614
10122,布莱顿,1575
10122,贝尔法斯特,1771
10122,加的夫,1507
10122,布里斯托,1407
10122,纽卡斯尔,1734
10122,坎布里亚,1299
10122,诺丁汉,1600
10122,怀特岛,1324
10122,比斯特,1270
10122,康沃尔,1101
10122,温德米尔,1198
10122,谢菲尔德,1489
10122,科茨沃尔德,1030
10122,西米德兰兹,1054
10122,斯旺西,1463
10122,切斯特,1354
10122,利兹,1587
10122,斯特拉特福,1436
10122,坎特伯雷,1590
10122,普利茅斯,1213
10122,因弗内斯,1334
10122,威廉堡,1362
10122,考文垂,1201
10122,惠特比,1158
10122,多佛尔,1144
10122,水上伯顿,1345
10122,西约克,1139
10122,兰卡斯特,1132
10122,莱斯特,1116
10122,圣安德鲁斯,1394
10122,格洛斯特,1342
10122,格林尼治,1015
10122,南安普敦,1367
10122,朴次茅斯,1201
10122,诺里奇,1386
10122,温莎-梅登黑德,1189
10122,阿伯丁,1369
10122,北约克,1245
10122,萨默塞特,1048
10122,南约克郡,1072
10122,林肯,1358
10122,达勒姆,1219
10122,伊利,1078
10122,巴拉,1200
10122,斯特灵,1304
10122,斯劳,1215
10122,默西赛德,1418
10122,波特里,1088
10122,卢顿,1400
10122,伯恩茅斯,1093
10122,索尔兹伯里,1295
10122,南莱克兰,1416
10122,艾尔,1303
10122,波士顿,1262
10122,奥本,1403
10122,英国班夫,1405
10122,南乔治亚岛,1152
10122,哈罗盖特,1151
10122,奥克尼群岛,1404
10122,克罗伊登,1291
10122,兰迪德诺,1105
10122,伊斯特本,1004
10122,马莱格,1461
10122,GrandTurk,1033
10122,阿尼克,1262
10122,布莱克浦,1222
10122,兰开夏,1420
10122,肯德尔,1102
10122,法夫,1311
10122,格伦芬南,1358
10122,彼得伯勒,1064
10122,布雷肯,1333
10122,斯坦利,1032
10122,巴利卡斯尔,1229
10122,拉伊,1071
10122,霍利黑德,1226
10122,安格尔西岛,1223
10122,赛伦塞斯特,1382
10122,锡利群岛,1338
10122,阿伯福伊尔,1345
10122,法尔茅斯,1227
10122,豪士罗,1427
10122,北康沃尔,1386
10122,伯克,1194
10122,廷塔杰尔,1346
10122,科克茅斯,1489
10122,沃里克,1451
10122,凯斯内斯,1366
10122,滕比,1396
10122,普罗维登西亚莱斯岛,1151
10122,纽波特,1127
10122,卡马森,1222
10122,切普斯托,1500
10122,韦勒姆,1115
10122,达格纳姆,1496
10122,米尔顿凯恩斯,1384
10122,威尔特,1495
10122,阿伯里斯特威斯,1469
10122,特伦特河畔斯托克,1444
10122,阿盖尔-比特,1333
10122,斯特罗姆内斯,1410
10122,鲍内斯温德米尔,1444
10122,安布尔塞德,1051
10122,比加,1263
10122,格拉斯米尔,1239
10122,伍勒,1435
10122,科尼斯顿,1061
10122,林迪斯凡,1287
10122,丹弗里斯-加洛韦,1045
10122,洛哈尔什教区凯尔高地,1089
10122,达特茅斯,1338
10122,凯西克,1416
10122,劳斯,1135
11131,都柏林,1551
11131,科克,1328
11131,本拉提,1154
11131,高维,1148
11131,威克洛,1179
11131,基拉尼,1485
11131,布瑞,1420
11131,克莱尔郡,1132
11131,凯瑞郡,1464
11131,瓦伦西亚岛,1402
11131,瓦特维尔,1097
11131,Castletownbere,1155
11131,利默里克,1158
11131,肯梅尔,1261
11131,卡赫达尼,1065
11131,基尔基,1390
11131,莫维尔,1335
11131,基尔卡,1012
11131,圭多尔,1150
11131,斯莱戈,1278
11131,卡斯尔巴,1126
11131,基尔费诺拉,1406
11131,克洛纳基尔蒂,1013
11131,伊尼什博芬岛,1104
11131,罗斯克雷,1465
11131,特拉利,1115
11131,米斯郡,1153
11131,基尔代尔郡,1345
11131,罗斯莱尔,1366
11131,恩尼斯科西,1456
11131,基拉卢,1157
11131,基尔拉什,1300
11131,梅努斯,1165
11131,卡洛,1152
11131,朗德斯顿,1332
11131,拉斯德拉姆,1495
11131,利敦瓦纳,1127
11131,杜林,1326
11131,波特劳伊斯,1066
11131,香侬,1316
11131,邓法纳希,1211
11131,布莱辛顿,1162
11131,乌克特拉德,1454
11131,莱特弗拉克,1423
11131,基利贝格斯,1272
11131,罗斯康芒,1281
11131,班克拉纳,1115
11131,Ramelton,1391
11131,恩尼斯凯里,1496
11131,波伊尔,1027
11131,新罗斯,1104
11131,凯尔,1266
11131,金瓦拉,1455
11131,基尔莫尔码头,1247
11131,韦斯特波特,1424
11131,诺克,1226
11131,莱特肯尼,1490
11131,南蒂珀雷里,1153
11131,米德尔顿,1001
11131,斯奇博瑞恩,1357
11131,格伦加里夫,1478
11131,考福,1229
11131,穆林加尔,1181
11131,巴纳赫,1193
11131,斯卡尔,1096
11131,约尔,1247
11131,基尔肯尼,1417
11131,阿比莱克斯,1439
11131,特拉莫尔,1374
11131,邓加文,1463
11131,阿德莫尔,1164
11131,克朗梅尔,1244
11131,班特里,1497
11131,德罗赫达,1138
11131,利斯托尔,1012
11131,卡灵福德,1104
11131,亚达尔,1290
11131,凯尔斯,1218
11131,特里姆,1053
11131,费萨德,1484
11131,劳斯郡,1427
11131,卡斯维恩,1350
11131,莫纳汉,1115
11131,卡文,1202
11131,卡里克马克罗斯,1199
11131,马拉海德,1265
11131,巴利纳,1388
11131,康镇,1008
11131,霍斯,1150
11131,巴利卡斯尔,1280
11131,利斯莫尔,1466
11131,克利夫登,1038
10051,庞贝,1780
10051,都灵,1413
10051,科莫,1518
10051,拉斯佩齐亚,1069
10051,热那亚,1347
10051,博洛尼亚,1157
10051,多洛米蒂,1403
10051,卡塔尼亚,1380
10051,阿玛菲海岸,1498
10051,奥维多,1092
10051,马泰拉,1124
10051,阿尔贝罗贝洛,1391
10051,卢卡,1399
10051,菲乌米奇诺,1425
10051,帕尔马,1419
10051,皮恩扎,1013
10051,布雷西亚,1103
10051,佩鲁贾,1480
10051,帕多瓦,1341
10051,特罗亚（意大利）,1334
10051,里米尼,1465
10051,摩德纳,1352
10051,贝加莫,1353
10051,的里雅斯特,1093
10051,蒂拉诺,1445
10051,穆拉诺岛,1423
10051,阿西西,1487
10051,韦内雷港,1165
10051,皮亚琴察,1235
10051,诺托,1320
10051,蒂沃利,1184
10051,切法卢,1279
10051,菲诺港,1289
10051,马纳罗拉,1411
10051,维亚雷焦,1363
10051,西尔米奥奈,1146
10051,阿雷佐,1155
10051,芬奇,1446
10051,塔尔奎尼亚,1376
10051,斯特龙博利岛,1084
10051,阿斯蒂,1149
10051,莫迪卡,1244
10051,韦尔纳扎,1260
10051,萨比奥内塔,1046
10051,拉韦洛,1315
10051,圣雷莫,1077
10051,安科纳,1429
10051,泰尔莫利,1412
10051,蒙特卡蒂尼,1425
10051,维泰博,1237
10051,卡利亚里,1315
10051,里窝那,1179
10051,恩纳,1383
10051,瓦伦纳,1009
10051,费拉拉,1399
10051,蒙扎,1035
10051,帕维亚,1501
10051,拉韦纳,1144
10051,奥尔塔圣朱利奥,1112
10051,萨西里,1172
10051,普罗奇达,1125
10051,斯皮林贝戈,1255
10051,库尼奥,1390
10051,奥莱焦,1142
10051,博尔米奥,1022
10051,穆吉奥,1022
10051,卡尔迪托,1004
10051,维克艾库塞,1487
10051,帕埃斯图姆,1232
10051,普莱亚诺,1035
10051,卡尔维扎诺,1394
10051,伊斯基亚,1440
10051,巴拉诺迪斯基亚,1293
10051,亚历山特里亚,1205
10051,塔兰托,1034
10051,桑治奥,1112
10051,萨卢佐,1178
10051,拉奎拉,1202
10051,特拉尼,1268
10051,维耶斯泰,1388
10051,安德里亚,1087
10051,布林迪西,1166
10051,奥斯图尼,1126
10051,科马基奥,1201
10051,马萨夫拉,1348
10051,贝纳尔达,1151
10051,加利波利,1464
10051,莱切,1007
10051,弗利-切塞纳,1236
10051,奥特朗托,1463
10051,福贾,1168
10051,佩斯基奇,1063
10051,卢切拉,1189
10051,伊塞尔尼亚,1271
10051,阿尔塔穆拉,1336
10051,雷焦卡拉布里亚,1153
10051,斯特雷萨,1158
10051,苏尔莫纳,1479
10051,里沃利,1323
10051,苏萨,1197
10051,卡塞塔,1030
10051,特罗佩阿,1054
10051,蒙特斯卡廖索,1103
10051,瓦斯托,1371
10051,贝拉里亚-伊贾马里纳,1442
10051,比通托,1341
10051,马丁纳弗兰卡,1296
10051,莫诺波利,1370
10051,鲁沃迪普利亚,1267
10051,佩斯卡拉,1354
10051,Locorotondo,1183
10051,维纳利亚瑞勒,1414
10051,圣玛格丽塔-利古雷,1176
10051,斯佩隆加,1185
10051,蒙特罗顿多,1229
10051,帕莱斯特里纳,1075
10051,弗拉斯卡蒂,1423
10171,巴黎,8514
10171,大溪地,1518
10171,尼斯,3085
10171,阿维尼翁,1992
10171,马赛,2316
10171,里昂,2343
10171,戛纳,2262
10171,波尔多,1714
10171,安纳西,1693
10171,斯特拉斯堡,1381
10171,凡尔赛,1346
10171,科尔马,1062
10171,第戎,1535
10171,霞慕尼,1373
10171,圣米歇尔山,1515
10171,图卢兹,1430
10171,波拉波拉岛,1184
10171,萨尔塞勒,1117
10171,图尔,1526
10171,艾克斯,1295
10171,尼姆,1339
10171,雷恩,1287
10171,上萨瓦,1294
10171,罗讷,1354
10171,吉维尼,1251
10171,莫雷斯泰勒,1050
10171,上塞纳,1371
10171,依云,1487
10171,洛林,1477
10171,里尔,1477
10171,圣马洛,1348
10171,阿尔勒,1137
10171,枫丹白露,1347
10171,塞纳-马恩,1312
10171,兰斯,1488
10171,向风群岛,1357
10171,鲁昂,1336
10171,南特,1554
10171,格拉斯,1305
10171,格勒诺布尔,1321
10171,蒙彼利埃,1385
10171,埃兹,1134
10171,卡尔卡松,1249
10171,勒芒,1284
10171,伊斯特尔,1253
10171,尚贝里,1495
10171,伊瓦尔,1474
10171,土伦,1185
10171,芒通,1218
10171,普瓦捷,1284
10171,梅斯,1094
10171,博讷维尔,1214
10171,埃特勒塔,1307
10171,圣特罗佩,1341
10171,勒阿弗尔,1204
10171,吉伦特,1377
10171,昂热,1244
10171,南部-比利牛斯,1193
10171,维埃纳市(法国）,1103
10171,维桑,1352
10171,布卢瓦,1155
10171,圣雷米,1289
10171,卡昂,1341
10171,奥尔良,1057
10171,滨海自由城,1129
10171,拉罗谢尔,1136
10171,克莱蒙费朗,1026
10171,凡尔登,1488
10171,米卢斯,1178
10171,帕皮提,1165
10171,埃吉桑,1286
10171,南锡,1025
10171,圣艾米隆,1384
10171,阿雅克肖,1327
10171,莫尔莱,1226
10171,三峡谷,1037
10171,托农莱班,1106
10171,上莱茵,1325
10171,萨瓦,1214
10171,加尔,1107
10171,上比利牛斯省,1273
10171,特鲁瓦,1074
10171,瓦朗谢讷,1204
10171,马恩,1135
10171,瓦朗索尔,1238
10171,阿尔卡雄,1299
10171,旺斯,1350
10171,南方群岛,1426
10171,昂布瓦斯,1277
10171,下莱茵省,1362
10171,瓦洛里,1134
10171,戈尔德,1277
10171,非尼斯泰尔省,1403
10171,阿夫朗什,1492
10171,下诺曼底,1364
10171,翁弗勒尔,1457
10171,蓬托尔松,1413
10171,博讷,1122
10171,芒什,1344
10171,朗格多克-鲁西永,1200
10171,上诺曼底,1428
10171,阿热莱斯加佐斯特,1496
10171,科特雷,1149
10171,普罗万,1218
10171,滨海布洛涅,1401
10171,阿尔比,1305
10171,普罗旺斯地区萨隆,1141
10171,卢尔德,1089
10171,派拉克,1021
10171,阿普特,1376
10171,普拉迪讷,1426
10171,圣锡尔克－拉波皮,1187
10171,圣马丁勒瑞杜,1319
10171,Saint-Martin-Labouval,1022
10171,鲁西永,1100
10171,卡尔瓦多斯省,1054
10171,维希,1172
10171,埃佩尔奈,1015
10171,夏朗德,1376
10171,滨海博利厄,1294
10171,瓦尔堡,1023
10171,阿格德,1344
10171,韦萨克,1273
10171,Saint-Martin-sur-Écaillon,1334
10171,莫雷阿岛,1150
10171,比亚里茨,1468
10171,塔恩省,1497
10171,敦刻尔克,1013
10171,圣保罗德旺斯,1108
10171,杜隆河畔圣迪迪耶,1308
10171,昂蒂布,1165
10171,圣克拉,1003
10171,卡斯特尔,1429
10171,皮洛朗,1336
10171,圣迪兹尔,1360
10169,苏黎世,3432
10169,卢塞恩,3850
10169,因特拉肯,3124
10169,日内瓦,2996
10169,少女峰,1133
10169,伯尔尼,2182
10169,格林德尔瓦尔德,1059
10169,洛桑,2081
10169,采尔马特,1810
10169,蒙特勒,1669
10169,巴塞尔,1371
10169,沃州,1115
10169,铁力士山,1162
10169,瓦莱,1152
10169,卢加诺,1678
10169,施皮茨,1213
10169,劳特布龙嫩,1083
10169,英格堡,1392
10169,沙夫豪森,1302
10169,圣莫里茨,1192
10169,格林德瓦,1361
10169,米伦,1172
10169,图恩,1177
10169,菲斯普,1353
10169,洛伊克巴德,1273
10169,施泰茵,1582
10169,翁根,1153
10169,沃维,1038
10169,提契诺,1044
10169,维吉斯,1192
10169,莫尔日,1257
10169,普莱苏尔,1336
10169,格施塔德,1070
10169,贝林佐纳,1278
10169,巴登,1193
10169,谢尔,1375
10169,上瓦尔登,1038
10169,圣加仑,1516
10169,塔什,1016
10169,库尔,1416
10169,布里恩茨,1464
10169,马洛亚,1426
10169,楚格,1015
10169,龙疆,1159
10169,达沃斯,1131
10169,格吕耶尔,1277
10169,Haag,1010
10169,阿彭策尔,1006
10169,阿罗萨,1338
10169,阿福尔特恩,1326
10169,米施泰尔,1342
10169,策尔内茨,1499
10169,艾因西德伦,1013
10169,迈恩费尔德,1140
10169,伊瑟尔特瓦尔德,1387
10169,Malans,1401
10169,施库尔,1410
10169,伊韦尔东,1042
10169,克莱恩蒙塔纳,1354
10169,马蒂尼,1360
10169,萨斯费,1469
10169,萨尔嫩,1459
10169,莱茵费尔登,1410
10169,费施,1182
10169,莱森,1358
10169,锡永,1076
10169,弗利姆斯,1446
10169,韦尔比耶,1322
10169,迈伦,1000
10169,克洛斯特斯,1308
10169,克罗伊茨林根,1329
10169,莱迪亚布勒雷,1250
10169,比尔,1211
10169,萨嫩,1409
10169,弗里堡,1145
10169,Estavayer-le-Lac,1491
10169,巴特拉加茨,1098
10169,迈林根,1072
10169,布格多夫,1095
10169,菲茨瑙,1042
10169,韦尔登贝格,1190
10169,布莱尼奥,1354
10169,阿斯科纳,1067
10169,施特歇尔贝格,1294
10169,金美尔瓦尔德,1350
10169,乌里州,1225
10169,阿尔斯塔特,1284
10169,阿克斯普,1182
10169,Braunwald,1136
10169,洛迦诺,1225
10169,比亚斯卡,1054
10169,瓦莱马贾,1302
10169,罗卡诺,1407
10169,伦策海德,1364
10169,纳沙泰尔,1190
10169,圣克鲁瓦,1086
10169,埃格勒,1315
10169,马贾,1309
10169,梅尔里斯查岑,1077
10169,阿施伦,1442
10169,拉珀斯韦尔,1145
10169,施维茨,1029
10169,布龙嫩,1222
10169,内阿彭策尔,1151
10169,森瓦尔德,1188
10169,穆尔滕,1132
10169,锡尔斯玛丽亚,1096
10169,布里格,1410
10169,Salgesch,1057
10169,戈姆斯,1000
10169,塞利斯贝格,1452
10169,安德马特,1055
10169,尼翁,1303
10169,维尔德斯韦尔,1153
10173,巴塞罗那,3390
10173,马德里,2769
10173,塞维利亚,2122
10173,格拉纳达,1722
10173,塞戈维亚,1835
10173,托莱多,1487
10173,瓦伦西亚,1334
10173,龙达,1527
10173,马拉加,1649
10173,科尔多瓦,1576
10173,萨拉戈萨,1464
10173,特内里费岛,1455
10173,马略卡岛,1022
10173,阿利坎特,1424
10173,萨拉曼卡,1384
10173,圣地亚哥德孔波斯特拉,1511
10173,米哈斯,1184
10173,锡切斯,1201
10173,大加那利岛,1219
10173,毕尔巴鄂,1448
10173,塔拉戈纳,1204
10173,塔里法,1021
10173,埃尔罗西奥,1449
10173,西阳光海岸,1271
10173,昆卡,1038
10173,伊比萨岛,1202
10173,阿维拉,1186
10173,孔苏埃格拉,1266
10173,Vallehermoso,1069
10173,内尔哈,1156
10173,菲格拉斯,1449
10173,赫雷斯,1069
10173,圣米格尔,1241
10173,卡尔佩,1106
10173,圣塞瓦斯蒂安,1442
10173,哈恩,1465
10173,卡塞雷斯,1345
10173,桑坦德,1217
10173,拉斯帕尔马斯,1494
10173,贝尼多姆,1115
10173,巴利亚多利德,1375
10173,潘普洛纳,1469
10173,巴埃萨,1271
10173,马贝拉,1452
10173,圣地亚哥海滩,1197
10173,滨海托萨,1108
10173,拉科鲁尼亚,1162
10173,托罗,1330
10173,巴达霍斯,1440
10173,西班牙维多利亚,1504
10173,佩尼斯科拉,1409
10173,希洪,1111
10173,萨阿拉,1290
10173,阿尔赫西拉斯,1043
10173,贝萨卢,1127
10173,休达,1327
10173,卡斯特利翁,1436
10173,拉里奥哈,1272
10173,拉阿贝尔卡,1409
10173,阿尔卡拉城,1208
10173,阿吉拉尔日波奥,1020
10173,里瓦德奥,1496
10173,瓜达卢佩,1296
10173,锡古恩萨,1469
10173,圣克鲁斯-德特内里费,1222
10173,甘迪亚,1403
10173,阿尔瓦塞特,1219
10173,蒙塔尼约斯,1393
10173,LaLaguna,1436
10173,弗里希利亚纳,1302
10173,比利亚维西奥萨,1151
10173,韦尔瓦,1105
10173,莫吉尔,1171
10173,特鲁埃尔,1212
10173,艾因萨,1497
10173,马札冈,1259
10173,阿尔梅里亚,1450
10173,里瓦德塞利亚,1257
10173,哈卡,1368
10173,库迪列罗,1432
10173,丰希罗拉,1110
10173,普拉森西亚,1038
10173,特鲁希略,1372
10173,莱里达,1363
10173,埃尔加斯托尔,1252
10173,贝坦索斯,1153
10173,阿拉梅达,1367
10173,塞奥-德乌赫尔,1251
10173,阿尔坎塔拉,1219
10173,埃尔博斯克,1077
10173,雷乌斯,1451
10173,洛斯卡尼奥斯德梅卡,1197
10173,莱斯卡拉,1418
10173,贝古尔,1298
10173,桑卢卡尔-德巴拉梅达,1276
10173,塞代拉,1332
10173,里波尔,1228
10173,贝赫尔-德拉弗龙特拉,1054
10173,圣玛丽亚港,1490
10173,扎弗拉,1130
10173,赫尔特,1388
10173,安特克拉,1321
10173,利维亚,1283
10173,卡达克斯,1140
10173,托罗埃利亚-德蒙特格里,1038
10173,巴尔巴特,1442
10173,阿尔塔夫拉,1108
10173,萨洛,1011
10173,别利亚,1408
10173,维戈,1456
10173,潘帕纳伊拉,1358
10173,奥苏纳,1495
10173,德尼亚,1420
10173,埃尔切,1259
10173,托雷维耶哈,1199
10173,雷克纳,1168
10173,瓜迪克斯,1323
10173,洛格罗尼奥,1123
10173,蓬特韦德拉,1428
10173,贝纳尔马德纳,1188
10173,格罗韦,1180
10173,图伊,1445
10173,卢戈,1374
10173,普拉亚登博萨,1434
10173,阿兰胡埃斯,1177
10173,多列毛利诺斯,1342
10172,里斯本,1904
10172,波尔图,1454
10172,辛特拉,1369
10172,法鲁,1412
10172,埃武拉,1098
10172,科英布拉,1290
10172,卡斯凯什,1224
10172,丰沙尔,1253
10172,拉戈斯,1427
10172,布拉加,1490
10172,阿尔布费拉,1351
10172,阿尔科巴萨,1460
10172,巴塞卢什,1177
10172,巴塔利亚,1207
10172,莱里亚,1345
10172,萨格里什,1488
10300,莫斯科,2740
10300,贝加尔湖,1409
10300,圣彼得堡,2063
10300,海参崴,1785
10300,伊尔库茨克,1465
10300,摩尔曼斯克,1500
10300,布里亚特共和国,1198
10300,喀山,1126
10300,索契,1043
10300,诺夫哥罗德,1385
10300,奥尔洪岛,1360
10300,鞑靼斯坦,1170
10300,下诺夫哥罗德,1291
10300,加里宁格勒,1300
10300,伏尔加格勒,1360
10300,普希金,1478
10300,赤塔,1422
10300,乌兰乌德,1312
10300,堪察加彼得罗巴甫洛夫斯克,1275
10300,哈巴罗夫斯克,1131
10300,利斯特维扬卡,1413
10300,海兰泡,1293
10300,苏兹达尔,1132
10300,新西伯利亚,1376
10300,叶卡捷琳堡,1166
10300,弗拉基米尔,1319
10300,谢尔吉耶夫,1291
10300,图拉,1431
10300,罗斯托夫,1224
10300,维堡,1263
10300,托木斯克,1077
10300,库尔斯克,1048
10300,布拉茨克,1462
10300,卡累利阿,1312
10300,鄂木斯克,1074
10300,阿穆尔河畔共青城,1155
10300,萨马拉,1028
10300,克拉斯诺亚尔斯克,1416
10300,雅库茨克,1333
10300,彼得罗扎沃茨克,1032
10300,列宁格勒州,1046
10300,萨兰斯克,1172
10300,雅罗斯拉夫尔,1097
10300,顿河畔罗斯托夫,1456
10300,比罗比詹,1190
10300,阿纳帕,1024
10300,汉特-曼西斯克,1033
10300,叶列茨,1473
10300,皮亚季戈尔斯克,1400
10300,热列兹诺沃茨克,1164
10300,斯柳江卡,1006
10300,Plyos,1496
10300,栋巴伊,1189
10300,基斯洛沃茨克,1426
10300,阿斯特拉罕,1136
10300,基洛夫斯克,1318
10300,亚速,1261
10300,卡尔戈波尔,1073
10300,切尔尼亚霍夫斯克,1343
10300,Salekhard,1114
10300,托博尔斯克,1104
10300,阿帕季特,1291
10300,克孜勒,1318
10300,伊万诺沃,1183
10300,纳霍德卡,1497
10300,巴尔瑙尔,1004
10300,弗拉季高加索,1261
10300,乌法,1361
10300,特维尔,1097
10300,普斯科夫,1077
10300,埃利斯塔,1113
10300,基日,1450
10300,蒙切戈尔斯克,1054
10300,新罗西斯克,1468
10300,乌里扬诺夫斯克,1421
10300,纳尔奇克,1377
10300,萨拉托夫,1295
10300,米努辛斯克,1267
10300,基里洛沃,1392
10300,维捷格拉,1005
10300,别洛焦尔斯克,1418
10300,罗蒙诺索夫,1446
10300,新库兹涅茨克,1352
10300,萨彦诺戈尔斯克,1147
10300,阿巴坎,1108
10300,沃罗涅什,1485
10300,舍列格什,1085
10300,Petrodvorets,1038
10300,比斯克,1395
10300,斯摩棱斯克,1027
10300,梁赞,1499
10300,伊兹博尔斯克,1169
10300,佩列斯拉夫尔-扎列斯基,1075
10176,慕尼黑,4004
10176,法兰克福,4197
10176,柏林,3287
10176,科隆,2828
10176,海德堡,2184
10176,福森,2048
10176,斯图加特,1893
10176,汉堡,1992
10176,施万高,1364
10300,季赫温,1285
10300,乌格利奇,1184
10300,大乌斯秋格,1214
10300,沃洛格达,1400
10300,楚科奇半岛,1213
10300,尼古拉耶夫斯克,1442
10300,马加丹,1416
10300,Butugichag,1015
10300,切马尔,1383
10176,纽伦堡,1612
10176,杜塞尔多夫,1263
10176,贝希特斯加登,1547
10176,德累斯顿,1768
10176,罗滕堡(巴伐利亚),1730
10176,波恩,1645
10176,汉诺威,1683
10176,不莱梅,1634
10176,维尔茨堡,1319
10176,波茨坦,1371
10176,美因茨,1711
10176,特里尔,1615
10176,班贝格,1229
10176,科布伦茨,1558
10176,莱比锡,1690
10176,施瓦本,1216
10176,东阿尔高,1045
10176,弗赖堡,1670
10176,莱茵高-陶努斯,1045
10176,威斯巴登,1322
10176,亚琛,1377
10176,吕德斯海姆,1300
10176,奥格斯堡,1423
10176,沃尔夫斯堡,1181
10176,莱茵河谷,1113
10176,曼海姆,1146
10176,拉姆绍,1503
10176,吕贝克,1528
10176,康斯坦茨,1091
10176,麦琴根,1357
10176,巴登巴登,1464
10176,魏玛,1367
10176,乌尔姆,1206
10176,卡塞尔,1423
10176,雷根斯堡,1269
10176,多特蒙德,1062
10176,埃森,1487
10176,卡尔斯鲁厄,1101
10176,明斯特,1188
10176,弗赖辛,1357
10176,中弗兰肯,1254
10176,不来梅哈芬,1247
10176,林道,1056
10176,弗莱堡,1102
10176,什未林,1142
10176,下弗兰肯,1241
10176,加尔米施-帕腾基兴,1285
10176,帕绍,1368
10176,博登湖县,1081
10176,格丁根,1118
10176,吕讷堡,1457
10176,罗滕堡,1228
10176,布吕尔,1240
10176,美因茨-宾根,1107
10176,特里贝格,1158
10176,达姆施塔特,1215
10176,蒂蒂湖-新城,1420
10176,梅尔斯堡,1242
10176,霍夫,1156
10176,施派尔,1141
10176,马尔堡,1308
10176,索斯特,1193
10176,哈根,1172
10176,巴特尔卡尔斯哈芬,1269
10176,达豪,1448
10176,腓特烈港,1073
10176,诺德林根,1205
10176,罗拉赫,1497
10176,安贝格,1342
10176,丁克尔斯比尔,1383
10176,埃朗根,1224
10176,特劳恩施泰因,1432
10176,戈斯拉尔,1290
10176,勒沃库森,1144
10176,菲尔森,1392
10176,索林根,1073
10176,不伦瑞克,1443
10176,哈瑙,1142
10176,巴特洪堡,1003
10176,布劳巴赫,1239
10176,吕根县,1034
10176,罗特威尔,1359
10176,阿沙芬堡,1187
10176,开姆尼茨,1337
10176,鲍岑,1021
10176,格尔利茨,1454
10176,埃斯林根,1274
10176,格赖瑙,1459
10176,路德维希堡,1257
10176,耶拿,1099
10176,石勒苏益格,1334
10176,胡苏姆,1163
10176,弗伦斯堡,1462
10176,艾尔福特,1230
10176,帕德博恩,1193
10176,雷克林豪森,1263
10176,塔勒,1308
10176,韦尼格罗德,1454
10176,施尔奇,1262
10176,迈宁根,1078
10176,莱茵-埃尔夫特,1385
10176,阿滕多恩,1323
10176,翁斯特鲁特-海尼希,1193
10176,克雷费尔德,1006
10176,哥达,1372
10176,瓦尔特堡,1239
10176,伊尔梅瑙,1015
10176,艾森纳赫,1280
10176,施马尔卡尔登,1420
10176,路德斯塔德·威腾堡,1401
10176,迈森,1118
10176,法兰肯塔尔,1423
10176,齐陶,1374
10176,下西里西亚上劳西茨,1444
10176,贝恩卡斯特尔-屈斯,1163
10176,特拉本特拉巴赫,1009
10176,梅特拉赫,1053
10176,盖尔森基兴,1378
10176,盖恩罗德,1084
10176,施泰因福特,1426
10176,哈尔茨县,1356
10176,腓特烈罗达,1260
10176,萨尔费尔德,1121
10176,米尔豪森,1018
10176,鲁道尔施塔特,1230
10176,莱茵-锡格,1478
10175,辛特克雷姆,1344
10175,维尔芬,1129
10175,费尔兹姆斯,1420
10175,蓬高圣约翰,1015
10175,马里兰科维茨,1161
10175,齐勒河谷采尔,1026
10175,罗伊特,1244
10175,施瓦茨,1437
10175,奥伊姆布雷根茨沃尔德,1383
10175,林茨,1475
10175,克拉根福,1169
10175,巴德伊舍,1297
10175,圣吉尔根,1011
10175,潘多夫,1395
10175,滨湖采尔,1153
10175,伊姆斯特,1054
10175,多恩比恩,1027
10175,毛特恩多夫,1178
10175,费尔德基希,1329
10175,莱尔莫斯,1466
10175,伊施格尔,1101
10175,斯坦豪斯阿赛姆瑞,1480
10175,莱奥本,1491
10175,朗根旺,1371
10175,哈尔-蒂罗尔,1046
10175,伊姆斯特附近米尔斯,1337
10175,埃伦豪森,1162
10175,巴德加斯坦,1481
10175,米尔施塔特,1332
10175,杜伦斯坦,1042
10175,菲拉赫,1385
10175,莫德灵,1421
10175,格明德（斯皮特安德劳）,1272
10175,塞默灵,1084
10175,维也纳巴登,1111
10175,黑马戈尔,1300
10175,林茨兰县,1181
10175,圣弗洛里安,1268
10175,滨湖波德斯多夫,1057
10175,基茨比厄尔,1227
10175,费尔德巴赫,1170
10175,维也纳新城,1471
10175,库夫施泰因,1425
10175,毛特豪森,1283
10175,尤登堡,1450
10175,弗里萨赫,1126
10175,图尔恩,1123
10175,施泰尔,1406
10175,因河畔布劳瑙,1110
10175,克里姆尔,1096
10175,沙尔丁,1173
10175,弗瑞斯塔德特,1366
10175,克弗尔马克特,1014
10175,艾森斯塔特,1079
10175,兰德埃克,1335
10175,利恩茨,1127
10175,魏茨,1203
10175,格兰河畔圣法伊特,1428
10175,斯皮特安德劳,1334
10175,利吉斯特,1204
10175,茨韦特尔,1261
10175,哈莱恩,1278
10175,克洛斯特新堡,1484
10175,艾森埃尔茨,1421
10175,巴特奥塞,1343
10175,金德贝格,1128
10175,霍拉布伦,1320
10175,塞费尔德,1376
10175,巴特豪尔,1137
10175,贝恩巴赫,1345
10175,米尔茨施泰格,1143
10175,塞默灵施皮塔尔,1484
10175,阿德蒙特,1498
10175,穆劳,1163
10175,玛利亚采尔,1213
10175,穆尔河畔布鲁克,1065
10175,沃茨伯格,1007
10168,圣托里尼,2843
10168,雅典,2916
10168,扎金索斯,1423
10168,米科诺斯,1971
10168,凯法利尼亚岛,1041
10168,梅特奥拉,1340
10168,罗德岛,1079
10168,费拉,1407
10168,玛利亚,1360
10168,纳克索斯岛,1467
10168,纳夫普利翁,1237
10168,比雷埃夫斯,1225
10168,加拉希德松,1205
10168,阿尔戈斯托利翁,1275
10168,安德罗斯岛,1022
10168,莱斯沃斯岛,1052
10168,卡尔派尼西,1092
10168,米里纳,1334
10168,帕罗斯岛,1210
10168,科孚岛,1193
10168,德尔斐,1171
10168,伊拉克利翁,1036
10168,塞萨洛尼基,1458
10168,干尼亚,1193
10168,米洛斯岛,1334
10168,福基斯,1323
10168,萨米,1360
10168,阿尔戈利斯,1155
10168,阿拉霍瓦,1123
10168,雷斯蒙,1078
10168,依拉佩特拉,1294
10168,里托楚伦,1045
10168,欧雷提亚斯,1295
10168,圣尼古拉奥斯,1136
10168,伊马希亚,1384
10168,苏尼翁,1060
10168,伊兹拉,1273
10168,爱琴娜岛,1466
10168,约阿尼纳,1441
10168,科尼札,1374
10168,特里卡拉,1183
10168,斯波拉泽斯群岛,1221
10168,尼斯罗斯,1469
10168,沃洛斯,1243
10168,蒂锡利维,1127
10168,MountOeta,1161
10168,AlonnisosMarinePark,1019
10168,奥林匹斯山,1138
10168,里瓦的亚,1345
10168,普萨拉岛,1084
10168,帕尼萨山,1150
10168,卡拉马孔,1114
10168,普雷斯帕湖,1107
10168,锡罗斯岛,1079
10168,帕罗奇亚,1316
10168,哈尔基岛,1197
10168,卡林诺斯岛,1431
10168,埃尔穆波利,1152
10168,塞瑞弗斯,1309
10168,福莱安兹多斯,1043
10168,伊拉克利亚,1237
10168,阿纳菲岛,1206
10168,安迪帕罗斯岛,1384
10168,拉西锡,1347
10168,皮戈斯,1344
10168,锡米,1327
10168,提洛岛,1436
10168,帕特莫斯,1444
10168,艾拉方索斯,1281
10168,Vikos–AoösNationalPark,1476
10168,塞斯普罗蒂亚,1490
10168,普雷韦札,1077
10168,帕尔加,1316
10168,阿齐亚·佩拉加·基西拉,1163
10168,ZakynthosMarinePark,1155
10168,马格尼西亚,1259
10168,格雷韦纳,1395
10168,美特索文,1031
10168,科莫蒂尼,1120
10168,佩拉,1041
10168,埃泽萨,1482
10168,哈尔基季基,1473
10168,韦里亚,1316
10168,迈索尼,1130
10168,亚历山德鲁波利斯,1264
10168,卡瓦拉,1302
10168,萨索斯,1012
10168,埃夫罗斯,1342
10168,阿洛尼索斯岛,1329
10168,锡韦,1443
10168,吉亚洛瓦,1381
10168,卡西罗彼卡多,1018
10168,拉斐那,1039
10168,埃维厄岛,1115
10168,斯基罗斯岛,1092
10168,维奥蒂亚,1080
10168,斯派赛斯,1321
10168,埃夫里塔尼亚,1230
10168,帕纳塞斯山,1084
10168,迈索隆吉翁,1041
10168,阿哈伊亚,1189
10168,卡拉维塔,1151
10168,Sounion,1380
10168,蒂诺斯岛,1296
10168,卡塔科隆,1341
10168,伊亚,1233
10168,纳乌萨,1290
10168,莱夫卡斯岛,1435
10168,斯巴达,1079
10168,基斯诺斯岛,1468
10168,希俄斯岛,1179
10168,古厄庇道鲁斯,1330
10168,科林斯,1244
10168,伊利亚,1298
10168,麦锡尼,1404
10168,莫奈姆瓦夏,1336
10053,伊斯坦布尔,2893
10053,卡帕多奇亚,2376
10053,安塔利亚,1749
10053,伊兹密尔,1932
10053,费特希耶,1383
10053,棉花堡,2200
10053,代尼兹利,1468
10053,格雷梅,1140
10053,安卡拉,1720
10053,塞尔丘克,1284
10053,孔亚,1748
10053,番红花城,1414
10053,阿拉恰特,1343
10053,穆拉,1285
10053,博德鲁姆,1426
10053,代林库尤,1132
10053,切什梅,1266
10053,恰纳卡莱,1163
10053,锡德,1466
10053,利西亚,1377
10053,奥林巴斯,1367
10053,亚洛瓦,1095
10053,徐林杰,1316
10053,阿达纳,1018
10053,乌奇希萨尔,1378
10053,凡城,1497
10053,锡尔特,1150
10053,卡斯,1394
10053,库沙达斯,1375
10053,开塞利,1263
10053,厄吕代尼兹,1308
10053,布尔萨,1024
10053,内夫谢希尔,1274
10053,马尔丁,1424
10053,哈兰,1406
10053,内姆鲁特山,1404
10053,贝尔加马,1266
10053,卡拉比克,1352
10053,格克切岛,1218
10053,特拉布宗,1467
10053,希拉波利斯,1307
10053,尚勒乌尔法,1068
10053,卡莱,1107
10053,Doğubeyazıt,1385
10053,于尔居普,1458
10053,奥尔杜,1394
10053,伊斯帕尔塔,1457
10053,福卡,1145
10053,马拉蒂亚,1403
10053,阿瓦诺斯,1413
10053,锡瓦斯,1291
10053,梅尔辛,1092
10053,博兹贾阿达岛,1466
10053,阿索斯,1199
10053,菲尼凯,1140
10053,Güzelyurt,1353
10053,尼代,1188
10053,Ünye,1362
10053,哈吉贝克塔什,1241
10053,阿克塞基,1117
10053,金多穆什,1195
10053,帕塔拉,1296
10053,卡尔坎,1453
10053,Çavuşin,1501
10053,马纳夫加特,1143
10053,托卡特,1414
10053,Ihlara,1310
10053,Silifke,1138
10053,阿德亚曼,1123
10053,加济帕夏,1364
10053,锡诺普,1262
10053,里泽,1192
10053,艾瓦勒克,1368
10053,阿拉尼亚,1494
10053,博卢,1180
10053,巴特曼,1479
10053,迪亚巴克尔,1258
10053,巴勒克埃西尔,1341
10053,阿马西亚,1381
10053,阿菲永卡拉希萨尔,1288
10053,加济安泰普,1419
10053,萨姆松,1269
10053,凯梅尔,1487
10053,科尔库泰利,1479
10053,Çamlıhemşin,1048
10053,达利安,1055
10053,伊兹尼克,1415
10053,盖利博卢,1244
10053,卡斯塔莫努,1060
10053,屈塔希亚,1180
10053,巴尔滕,1156
10053,埃杰阿巴德,1208
10053,埃迪尔内,1287
10053,基兹卡雷斯,1178
10053,埃利迪尔,1055
10053,İskenderun,1379
10053,Antakya,1316
10053,Midyat,1339
10053,阿玛斯拉,1103
10053,穆什,1314
10053,艾登,1291
10053,克伊杰伊兹,1396
10053,Tarsus,1420
10053,阿奇亚卡,1212
10053,阿尔特温,1205
10053,埃尔马勒,1125
10053,Ortakent,1250
10053,卡阿盖,1058
10053,耶尼帕扎尔,1088
10053,亚力卡瓦克,1155
10174,布拉格,3015
10174,克鲁姆洛夫,1662
10174,卡罗维发利,1535
10174,南波希米亚州,1002
10174,库特纳霍拉,1436
10174,比尔森,1216
10174,布尔诺,1376
10174,捷克布杰约维采,1277
10174,泰尔奇,1473
10174,奥洛穆茨,1428
10174,玛丽亚温泉市,1175
10174,俄斯特拉发,1284
10174,南摩拉维亚州,1003
10174,奥波奇诺,1070
10174,新博尔,1026
10174,普热罗夫,1210
10174,伊钦,1487
10174,派克波特斯耐兹库,1476
10174,鲁哈科维斯,1004
10174,贝龙,1330
10174,特热邦,1302
10174,斯拉沃尼采,1331
10174,上布罗德,1317
10174,伏尔塔瓦河畔赫卢博卡,1393
10174,斯特拉姆贝克,1020
10174,Křivoklát,1013
10174,因德日赫城堡,1346
10174,伊赫拉瓦,1440
10174,米库洛夫,1314
10174,雷德尼斯,1163
10174,斯特拉日尼采,1392
10174,瓦尔季采,1418
10174,维索基纳,1108
10174,特热比奇,1131
10174,达那撒扎乌,1059
10174,利托梅日采,1374
10174,捷克捷欣,1076
10174,萨扎瓦,1320
10174,洛克特,1294
10174,特雷津,1278
10174,布尔诺附近斯拉夫科夫,1361
10174,克罗梅日什,1061
10174,斯特拉科尼采,1014
10174,多玛泽里塞,1355
10174,卡尔施泰因,1474
10174,Ploskovice,1101
10174,贝希涅,1000
10174,普拉哈季采,1485
10174,利托米什尔,1290
10174,苏斯塞,1269
10174,什平德莱鲁夫姆林,1378
10174,弗兰季谢克矿泉镇,1110
10174,梅尔尼克,1231
10174,图尔诺夫,1143
10174,罗斯诺夫·波德·拉德霍斯滕,1266
11094,圣安德烈,1449
11094,佩斯,1328
11094,托卡伊,1413
11094,费耶尔州,1021
11094,绍莫吉州,1468
11094,希欧福克,1198
11094,赫维什,1359
14431,哥本哈根,2491
14431,赫尔辛基,1933
14431,斯德哥尔摩,2490
14431,雷克雅未克,1660
14431,奥斯陆,2205
14431,罗瓦涅米,1453
14431,卑尔根,1566
14431,特罗姆瑟,1302
14431,哥德堡,1519
14431,萨利色尔卡,1167
14431,朗伊尔城,1132
14431,伊纳里,1398
14431,松恩峡湾,1241
14431,米湖,1434
14431,弗洛姆,1510
14431,纳尔维克,1173
14431,奥胡斯,1545
14431,斯奈菲尔半岛,1048
14431,斯塔万格,1224
14431,霍达兰,1196
14431,罗弗敦群岛,1332
14431,基律纳,1462
14431,斯瓦尔巴群岛,1053
14431,比隆,1405
14431,马尔默,1318
14431,欧登塞,1510
14431,阿比斯库,1422
14431,延雪平,1340
14431,阿克雷里,1295
14431,维克,1071
14431,凯米,1192
14431,图尔库,1305
14431,孙墨尔,1108
14431,奥勒松,1058
14431,伊瓦洛,1101
14431,西约塔兰省,1129
14431,北角,1336
14431,松恩-菲尤拉讷,1474
14431,赫尔辛堡,1343
14431,福堡,1481
14431,赫尔辛格,1131
14431,林雪平,1491
14431,坦佩雷,1335
14431,哈尔斯塔,1297
14431,万塔,1132
14431,努尔莫勒,1001
14431,奥尔堡,1167
14431,皇后岛,1401
14431,吕瑟峡湾,1453
14431,艾于兰,1127
14431,波尔沃,1279
14431,卡尔斯塔德,1440
14431,西南区,1362
14431,隆德,1498
14431,特隆赫姆,1336
14431,海拉,1252
14431,韦姆兰,1146
14431,凯夫拉维克,1442
14431,哈当厄尔峡湾,1503
14431,希尔科内斯,1107
14431,奥卢,1197
14431,斯沃尔韦尔,1112
14431,莱维,1397
14431,松恩,1452
14431,沃斯,1173
14431,奥达,1470
14431,诺尔兰,1430
14431,乌普萨拉,1424
14431,斯科讷,1150
14431,格林达维克,1025
14431,罗加兰,1102
14431,吕勒奥,1487
14431,西格图纳,1204
14431,哈尔姆斯塔德,1037
14431,Fanø,1045
14431,教堂城,1112
14431,厄勒布鲁,1272
14431,埃斯波,1103
14431,居德旺恩,1250
14431,霍芬,1477
14431,耶夫勒堡,1495
14431,松达尔,1425
14431,Suðureyri,1217
14431,克里斯蒂安松,1149
14431,翁达尔斯内斯,1154
14431,伊萨菲厄泽,1262
14431,阿克拉内斯,1493
14431,温勒达尔,1269
14431,南特伦德拉格,1369
14431,托尔尼奥,1482
14431,巴卡,1248
14431,库萨莫,1485
14431,尼堡,1459
14431,赫马岛,1081
14431,米达尔,1030
14431,博德,1130
14431,胡萨维克,1350
14431,朗加瓦拉县,1077
14431,西斯卡夫塔山,1044
14431,格里姆斯塔,1069
14431,罗斯基勒,1013
14431,卡尔马,1145
14431,尤坎,1203
14431,埃德菲尤尔,1097
14431,胡丁厄,1213
14431,朗厄兰岛,1475
14431,尼雪平,1269
14431,弗莱克菲尤尔,1006
14431,法罗岛,1334
14431,耶姆特兰,1231
14431,福桑,1222
14431,西博滕,1116
14431,西西缪特,1372
14431,维纳什堡,1017
14431,卡尔斯克鲁纳,1338
14431,维堡,1478
14431,埃克尔,1370
14431,佩洛,1398
14431,南瓦朗厄尔,1229
14431,特罗姆斯,1318
14431,萨拉,1401
14431,于尔维克,1108
14431,基蒂莱,1189
14431,约克莫克,1150
14431,莱康厄尔,1063
14431,洛夫特胡斯,1337
14431,阿尔维斯尧尔,1326
14431,萨翁林纳,1387
14431,库奥皮奥,1262
14431,穆奥尼奥,1384
14431,奥塔,1085
14431,波里,1291
14431,利勒哈默尔,1243
14431,摩城,1078
14431,雷讷,1155
11099,阿姆斯特丹,3969
11099,鹿特丹,2007
11099,海牙,2017
11099,羊角村,1531
11099,南荷兰省,1066
11099,上艾瑟尔,1369
11099,马斯特里赫特,1244
11099,代尔夫特,1492
11099,沃伦丹,1333
11099,埃因霍温,1383
11099,赞丹,1217
11099,格罗宁根,1189
11099,乌得勒支,1168
11099,莱顿,1332
11099,斯滕韦克尔兰德,1341
11099,林堡,1165
11099,利瑟,1179
11099,哈勒姆,1032
11099,安娜-保罗娜,1099
11099,津德尔特,1107
11099,济里克泽,1153
11099,诺德韦克,1291
11099,斯奇丹,1106
11099,瓦尔威克,1500
11099,奥斯特豪特,1101
11099,蒂尔堡,1368
11099,罗森达尔,1060
11099,艾登,1145
11099,斯希蒙尼克奥赫,1467
11099,哈林亨,1054
11099,斯内克,1494
11099,梅代姆里克,1174
11099,吕伐登,1113
11099,布尔坦赫城,1145
11099,Zuidhorn,1471
11099,DeMarne,1388
11099,代尔夫宰尔,1085
11099,Appingedam,1325
11099,兹沃勒,1255
11099,坎彭,1363
11099,恩斯赫德,1120
11099,恩克赫伊曾,1426
11099,海尔德兰,1120
11099,哈泽伊伦斯,1384
11099,雷斯登,1301
11099,西马斯恩瓦尔,1256
11099,武尔登,1106
11099,Hardenberg,1456
11099,迪温特,1236
11099,贝德姆,1472
11099,多尔恩,1399
11099,菲亚嫩,1180
11099,弗利兰岛,1247
11099,SintMichielsgestel,1188
11099,登博斯,1314
11099,奥斯楚特,1052
11099,霍恩,1054
11105,迪南,1311
11105,班什,1166
11105,蒂伦豪特,1258
11105,阿尔斯特,1342
11105,蒙斯,1114
11105,圣于贝尔,1164
11105,蒂安,1442
11105,希迈,1163
11105,马斯梅赫伦,1333
11105,布鲁塞尔,3775
11105,布鲁日,1906
11105,安特卫普,1676
11105,根特,1609
11105,鲁汶,1400
11105,滑铁卢,1162
11105,列日,1238
11105,斯帕,1213
11105,奥斯滕德,1172
11105,德帕内,1061
11105,梅赫伦,1171
11105,克诺克－海斯特,1429
11105,德哈恩,1102
11105,那慕尔,1497
11105,欧本,1165
11105,马尔梅迪,1004
11105,巴斯托涅,1374
11105,马尔什昂法梅讷,1230
11105,库万,1183
11105,Redu,1233
11105,图尔奈,1311
11105,利尔,1440
11105,尼乌波特,1372
11105,伊珀尔,1143
11105,波佩林赫,1008
11105,沙勒罗瓦,1471
11105,迪斯特,1391
11105,通厄伦,1244
11105,斯塔沃洛,1253
11105,达默,1054
11105,休伊,1264
11105,罗什福尔,1257
14431,哥本哈根,2491
14431,赫尔辛基,1933
14431,斯德哥尔摩,2490
14431,雷克雅未克,1660
14431,奥斯陆,2205
14431,罗瓦涅米,1453
14431,卑尔根,1566
14431,特罗姆瑟,1302
14431,哥德堡,1519
14431,斯塔万格,1224
14431,霍达兰,1196
14431,罗弗敦群岛,1332
14431,基律纳,1462
14431,斯瓦尔巴群岛,1053
14431,比隆,1405
14431,马尔默,1318
14431,欧登塞,1510
14431,阿比斯库,1422
14431,萨利色尔卡,1167
14431,朗伊尔城,1132
14431,伊纳里,1398
14431,松恩峡湾,1241
14431,米湖,1434
14431,弗洛姆,1510
14431,纳尔维克,1173
14431,奥胡斯,1545
14431,斯奈菲尔半岛,1048
14431,延雪平,1340
14431,阿克雷里,1295
14431,维克,1071
14431,凯米,1192
14431,图尔库,1305
14431,孙墨尔,1108
14431,奥勒松,1058
14431,伊瓦洛,1101
14431,西约塔兰省,1129
14431,北角,1336
14431,松恩-菲尤拉讷,1474
14431,赫尔辛堡,1343
14431,福堡,1481
14431,赫尔辛格,1131
14431,林雪平,1491
14431,坦佩雷,1335
14431,哈尔斯塔,1297
14431,万塔,1132
14431,特隆赫姆,1336
14431,海拉,1252
14431,韦姆兰,1146
14431,凯夫拉维克,1442
14431,哈当厄尔峡湾,1503
14431,希尔科内斯,1107
14431,奥卢,1197
14431,斯沃尔韦尔,1112
14431,莱维,1397
14431,努尔莫勒,1001
14431,奥尔堡,1167
14431,皇后岛,1401
14431,吕瑟峡湾,1453
14431,艾于兰,1127
14431,波尔沃,1279
14431,卡尔斯塔德,1440
14431,西南区,1362
14431,隆德,1498
14431,松恩,1452
14431,沃斯,1173
14431,奥达,1470
14431,诺尔兰,1430
14431,乌普萨拉,1424
14431,斯科讷,1150
14431,格林达维克,1025
14431,罗加兰,1102
14431,吕勒奥,1487
14431,西格图纳,1204
14431,哈尔姆斯塔德,1037
14431,Fanø,1045
14431,教堂城,1112
14431,厄勒布鲁,1272
14431,埃斯波,1103
14431,居德旺恩,1250
14431,霍芬,1477
14431,耶夫勒堡,1495
14431,巴卡,1248
14431,库萨莫,1485
14431,尼堡,1459
14431,赫马岛,1081
14431,米达尔,1030
14431,博德,1130
14431,胡萨维克,1350
14431,朗加瓦拉县,1077
14431,西斯卡夫塔山,1044
14431,松达尔,1425
14431,Suðureyri,1217
14431,克里斯蒂安松,1149
14431,翁达尔斯内斯,1154
14431,伊萨菲厄泽,1262
14431,阿克拉内斯,1493
14431,温勒达尔,1269
14431,南特伦德拉格,1369
14431,托尔尼奥,1482
14431,阿尔维斯尧尔,1326
14431,萨翁林纳,1387
14431,库奥皮奥,1262
14431,穆奥尼奥,1384
14431,奥塔,1085
14431,波里,1291
14431,利勒哈默尔,1243
14431,摩城,1078
14431,雷讷,1155
14431,法罗岛,1334
14431,耶姆特兰,1231
14431,福桑,1222
14431,西博滕,1116
14431,西西缪特,1372
14431,维纳什堡,1017
14431,卡尔斯克鲁纳,1338
14431,维堡,1478
14431,埃克尔,1370
10202,堪培拉,2406
10202,圣灵群岛,1293
10202,霍巴特,1430
10202,乌鲁鲁—卡塔丘塔国家公园,1243
10202,蓝山(新南威尔士),1382
10202,艾尔利滩,1456
10202,阿波罗湾,1365
10202,卧龙岗,1234
10202,库兰达,1200
14431,佩洛,1398
14431,南瓦朗厄尔,1229
14431,特罗姆斯,1318
14431,萨拉,1401
14431,于尔维克,1108
14431,基蒂莱,1189
14431,约克莫克,1150
14431,莱康厄尔,1063
14431,洛夫特胡斯,1337
10202,达尔文,1293
10202,汉密尔顿岛,1248
10202,拜伦湾,1414
10202,袋鼠岛,1164
10202,朗塞斯顿,1456
10202,吉朗,1326
10202,圣海伦斯,1447
10202,托基,1084
10202,罗斯,1291
10202,阳光海岸,1414
10202,卡尔巴里,1312
10202,洛恩,1235
10202,玛格丽特河,1120
10202,摇篮山,1290
10202,汤斯维尔,1307
10202,坎贝尔港,1029
10202,弗雷泽岛,1408
10202,爱丽斯泉,1429
10202,卡那封,1210
10202,斯旺西,1423
10202,Anglesea,1042
10202,天鹅山,1237
10202,亚瑟港,1367
10202,罗特内斯岛,1230
10202,道格拉斯港,1238
10202,莫维伦巴,1036
10202,布鲁姆,1037
10202,派瑞舒尔,1455
10202,巴利纳,1137
10202,仙女港镇,1153
10202,锡尔弗顿(新南威尔士),1479
10202,布罗肯希尔,1168
10202,芭萝莎,1468
10202,伊登,1032
10202,努萨,1366
10202,弗里曼特,1286
10202,赫维湾,1181
10202,比舍诺,1428
10202,北斯特拉德布罗克岛,1355
10202,棕榈湾,1344
10202,埃克塞特,1306
10202,伯克,1447
10202,埃斯佩兰斯,1233
10202,圣基尔达,1297
10202,利斯莫尔,1117
10202,格拉夫顿,1185
10202,杰拉尔顿,1269
10202,巴瑟尔顿,1368
10202,德比,1359
10202,纽卡斯尔,1296
10202,金伯利区,1052
10202,乔治敦,1315
10202,埃克斯茅斯,1241
10202,戴尔斯福特,1217
10202,格里诺,1033
10202,曼哲拉,1477
10202,巴拉腊特,1219
10202,卡卡杜,1239
10202,Yulara,1003
10202,Bright,1472
10202,兰斯林,1072
10202,本迪戈,1304
10202,凯瑟琳,1043
10202,塞万提斯,1353
10202,索伦多,1066
10202,波特兰,1012
10202,卡拉萨,1399
10202,谢菲尔德,1088
10202,库马,1026
10202,土乌巴,1151
10202,达博,1099
10202,纳鲁马,1342
10202,巴瑟斯特,1310
10202,库伯佩迪,1429
10202,Hay,1278
10202,阿米代尔,1474
10202,斯特拉恩,1114
10202,约克半岛,1319
10202,塔姆沃思,1368
10202,沃加沃加,1492
10202,曼吉马普,1143
10202,Nannup,1331
10202,彭伯顿,1149
10202,Tenterfield,1488
10202,黑德兰港,1020
10202,班伯里,1426
10202,奥古斯塔,1127
10202,Dongara,1384
10202,库努纳拉,1393
10202,Nimbin,1287
10202,麦带区,1247
10202,Toodyay,1312
10202,尼尔森湾,1489
10202,Coolgardie,1147
10202,福斯特,1228
10202,金德拜恩,1440
10202,珊瑚湾,1051
10202,卡尔古利,1422
10202,马奇镇,1153
10202,Orange,1107
10202,梅林布拉,1476
10202,纳拉宾,1304
10202,Gunbalanya,1113
10202,Griffith,1264
10202,贾比鲁,1041
10202,阿纳姆地,1280
10202,TimberCreek,1404
10202,温莎(悉尼),1358
10202,奥特兰兹,1061
10202,滕南特克里克,1243
10202,赫曼斯堡,1371
10202,PineCreek,1343
10202,Batchelor,1271
10202,Borroloola,1179
10202,罗金厄姆,1108
10202,吉尔福德,1381
10202,Mundaring,1239
10544,奥克兰,2848
10544,皇后镇,2167
10544,基督城,2350
10544,坎特伯雷,1070
10544,罗托鲁瓦,1862
10544,但尼丁,1610
10544,惠灵顿,1474
10544,瓦纳卡,1159
10544,库克山,1510
10544,米尔福德峡湾,1722
10544,汉密尔顿,1449
10544,蒂卡普,1547
10544,福克斯冰川,1025
10544,凯库拉,1286
10544,怀托摩,1092
10544,蒂阿瑙,1289
10544,尼尔森,1183
10544,丰盛湾,1249
10544,南岛,1294
10544,格雷茅斯,1333
10544,奥玛鲁,1033
10544,北部地区,1047
10544,格林诺奇,1486
10544,陶波,1277
10544,玛塔玛塔,1174
10544,箭镇,1116
10544,霍基蒂卡,1061
10544,泰晤士,1051
10544,弗朗兹约瑟夫冰川,1362
10544,怀卡托,1353
10544,普卡基湖,1410
10544,阿卡罗瓦,1075
10544,科罗曼德,1438
10544,麦肯奇,1278
10544,因弗卡吉尔,1322
10544,塔斯曼,1486
10544,哈斯特,1069
10544,马纳瓦图－旺加努伊,1268
10544,北帕默斯顿,1444
10544,陶朗加,1062
10544,新普利茅斯,1118
10544,提马鲁,1458
10544,普纳凯基,1457
10544,马尔堡,1449
10544,克伦威尔,1148
10544,皮克顿,1303
10544,布兰尼姆,1321
10544,内皮尔,1476
10544,莫图伊卡,1058
10544,派西亚,1457
10544,特威泽尔,1201
10544,斯图尔特岛,1281
10544,霍克斯湾,1318
10544,布拉夫,1073
10544,图朗伊,1455
10544,中奥塔哥,1248
10544,怀塔基,1158
10544,马纳普里,1455
10544,皮哈,1324
10544,杰拉尔丁,1454
10544,塔卡卡,1189
10544,哈黑,1192
10544,汉默斯普林斯,1375
10544,旺加努伊,1003
10544,鲁阿佩胡,1473
10544,奥玛拉玛,1476
10544,TeTipua,1087
10544,南怀卡托,1075
10544,凯里凯里,1170
10544,哈韦拉,1224
10544,塔拉纳奇,1176
10544,奥阿库尼,1392
10544,查塔姆群岛,1025
10544,克鲁萨,1481
10544,库劳,1075
10544,玛卡罗拉,1274
10544,胡鲁努伊,1319
10544,温顿,1366
10544,里弗顿,1303
10544,拉姆斯登,1017
10544,FiveRivers,1489
10544,阿什伯顿,1395
10544,梅斯文,1114
10544,怀凯阿,1132
10544,瓦纳卡湖,1325
10544,图阿塔皮里,1372
10544,塞尔温,1207
10544,克莱德,1381
10544,帕拉帕拉乌姆,1411
10544,大巴里尔岛,1327
10544,奥雷瓦,1385
10544,普霍伊,1185
10544,马塔卡纳,1179
10544,派罗阿,1291
10544,怀希,1482
10544,特库伊特,1413
10544,奥托罗杭阿,1479
10544,拉格伦,1395
10544,豪拉基,1321
10544,瓦科沃斯,1425
10544,达加维尔,1235
10544,芒格奴伊,1364
10544,奥波诺尼,1360
10544,拉塞尔,1228
10544,旺格罗阿,1324
10544,阿希帕拉,1437
10544,凯塔亚,1181
10544,芒格怀,1058
10544,璜加雷,1087
10544,图图卡卡,1412
10544,怀普,1403
10544,旺格玛塔,1235
10544,泰鲁阿,1001
10544,陶马鲁努依,1201
10544,朗伊蒂基,1281
10544,豪克斯湾中部,1192
10544,怀罗阿,1261
10544,派卡卡里基,1239
10544,马斯特顿,1070
10544,里夫顿,1234
10544,科灵伍德,1341
10544,马丁伯勒,1418
10544,格雷镇,1273
10544,黑斯廷斯(新西兰),1032
10544,吉斯伯恩,1009
10544,蒂阿罗哈,1272
10544,剑桥(怀卡托),1402
10544,蒂阿瓦木图,1369
10544,米兰达,1295
10544,陶波湖,1200
10544,怀蒂昂格,1250
10544,卡蒂卡蒂,1082
10544,卡塔尼,1134
10544,芒格努伊山,1261
10544,奥波蒂基,1478
10178,达哈布,1230
10178,苏伊士,1243
10178,马特鲁,1345
10178,努韦巴,1213
10178,巴哈利亚绿洲,1227
10178,阿莱姆港,1487
10178,阿里什,1300
10178,锡瓦,1366
10178,阿莱曼,1370
10178,塔巴,1411
10178,马特鲁港,1070
10178,拉斯苏德尔,1495
10178,达赫莱绿洲,1182
10178,阿布吉尔,1296
10178,伊斯梅利亚,1498
10178,明亚,1107
10178,法尤姆,1479
10178,罗塞塔,1359
10178,开罗,2049
10178,卢克索,1930
10178,红海,1082
10178,阿斯旺,1412
10178,亚历山大,1968
10178,赫尔格达,1390
10178,吉萨,1197
10178,阿布辛贝,1211
10178,沙姆沙伊赫,1033
10178,古赛尔,1201
10178,奈特伦谷,1045
10178,贝尼哈桑,1022
10178,阿马纳,1233
10178,塔尼什,1190
10178,费拉菲拉绿洲,1298
10178,哈里杰绿洲,1342
10178,塞加拉,1120
10178,伊斯纳,1051
10178,伊德富,1423
12033,卡萨布兰卡,1384
12033,马拉喀什,1356
12033,舍夫沙万,1176
12033,非斯,1527
12033,拉巴特,1063
12033,丹吉尔,1188
12033,艾西拉,1369
12033,索维拉,1030
12033,梅克内斯,1244
12033,瓦尔扎扎特,1393
12033,阿尤恩,1333
12033,廷吉尔,1202
12033,伊夫兰,1376
12033,塞夫劳,1215
12033,塔鲁丹特,1143
12033,西迪伊夫尼,1167
12033,胡塞马,1273
12033,塔扎,1480
12033,里萨尼,1148
12033,伊尔富德,1484
12033,纳祖尔,1016
12033,乌季达,1209
12033,拜尔坎,1037
12033,萨菲,1369
12033,塞拉,1222
10065,延庆,1159
10065,怀柔,1163
10065,密云,1357
10065,房山,1198
10065,门头沟,1132
10065,古北水镇,1090
10065,昌平,1540
10065,平谷,1460
10065,海坨山,1548
10065,顺义,1511
10065,爨底下,1364
10065,大兴,1081
10065,三里屯,1181
10065,蓝色港湾,1284
10065,蓝调薰衣草庄园,1063
10065,朝阳公园,1396
10065,中国科技馆,1180
10065,紫檀博物馆,1302
10065,酒厂艺术区,1466
10065,慕田峪长城,1166
10065,北京欢乐谷,1061
10065,798,1396
10065,红螺寺,1454
10065,中国电影博物馆,1150
10065,常营公园,1125
10065,中国铁道博物馆,1025
10065,中华民族园,1110
10065,法源寺,1438
10065,恭王府,1101
10065,北京动物园,1149
10065,潘家园,1432
10065,喇叭沟门,1443
10065,琉璃厂,1278
10065,箭扣长城,1144
10065,龙潭湖公园,1374
10065,密云水库,1349
10065,蟹岛,1109
10065,后海,1270
10065,首都博物馆,1315
10065,景山,1163
10065,陶然亭,1041
10065,北海公园,1009
10065,国家大剧院,1181
10065,大观园,1421
10065,响水湖,1467
10065,司马台长城,1036
10065,古北口长城,1223
10065,云岫谷,1436
10065,云峰山,1181
10065,布拉格农场,1113
10065,紫海香堤,1065
10065,墙子路长城,1409
10065,石林峡,1067
10065,西山国家森林公园,1160
10065,中山公园,1255
10065,雍和宫,1283
10065,太庙,1409
10065,南锣鼓巷,1099
10065,故宫,1246
10065,东交民巷,1133
10065,鸟巢,1369
10065,北京野生动物园,1419
10065,玉渡山,1410
10065,五道营,1382
10065,前门,1048
10065,天安门,1349
10065,百泉山,1292
10065,世贸天阶,1431
10065,奥林匹克公园,1027
10065,王府井,1246
10065,地坛,1048
10065,天坛,1164
10065,长城脚下的公社,1094
10065,仓米古道,1166
10065,水关长城,1300
10065,官厅水库,1231
10065,圣莲山,1166
10065,仙栖洞,1495
10065,坡峰岭,1314
10065,八达岭国家森林公园,1447
10065,妫河,1115
10065,云蒙山,1478
10065,永定河,1180
10065,潮白河,1186
10065,元大都,1350
10065,湖洞水,1183
10065,京东大峡谷,1476
10065,北京国际鲜花港,1395
10065,汉石桥湿地,1456
10065,方家胡同46号,1424
10065,双龙峡,1367
10065,百花山,1211
10065,龙门口,1338
10065,白瀑寺,1392
10065,戒台寺,1441
10065,京西古道,1070
10065,妙峰山,1119
10065,灰金坨,1063
10065,潭柘寺,1204
10065,狗牙山,1439
10065,京西十八潭,1445
10065,灰峪,1485
10065,上苇甸,1400
10065,黄草梁,1417
10065,将军洞,1381
10065,北京灵山,1297
10065,白河,1087
10065,蟒山森林公园,1109
10065,白河峡谷,1451
10065,八达岭长城,1304
10065,石峡关长城,1050
10065,京西草原,1189
10065,八达岭野生动物园,1476
10065,龙庆峡,1341
10065,后河,1335
10065,十渡,1114
10065,铁陀山,1213
10065,北京园博园,1448
10065,世界公园,1156
10065,卢沟桥,1031
10065,北京植物园,1196
10065,鹫峰,1164
10065,玲珑公园,1461
10065,北京大学,1174
10065,北宫森林公园,1293
10065,世界花卉大观园,1237
10065,庞各庄,1341
10065,旺兴湖公园,1432
10065,南海子公园,1352
10065,首钢,1083
10065,石景山游乐园,1345
10065,北京汽车博物馆,1421
10065,八大处,1003
10065,大觉寺,1443
10065,海淀公园,1428
10099,上海迪士尼,1186
10099,崇明岛,5390
10099,朱家角,1523
10099,松江,1304
10099,青浦,1455
10099,宝山,1166
10099,杨浦,1051
10099,练塘,1447
10099,世纪公园,1481
10099,佘山,1404
10099,77薰衣岛,1066
10099,泰晤士小镇,1047
10099,淀山湖,1373
10099,上海辰山植物园,1186
10099,古漪园,1121
10099,横沙岛,1445
10099,吴淞炮台湾湿地公园,1445
10099,召稼楼,1005
10099,古猗园,1240
10099,上海植物园,1417
10208,武隆,4348
10208,磁器口古镇,1675
10208,金佛山,1189
10208,大足,1474
10208,龚滩古镇,1213
10208,酉阳,1252
10208,万州,1366
10208,奉节,1502
10208,万盛区,1291
10208,丰都,1549
10208,涪陵,1224
10208,云阳,1340
10208,江津,1090
10208,綦江,1171
10208,巫山县,1495
10208,永川,1242
10208,黔江,1015
10208,彭水,1213
10208,长寿,1442
10208,荣昌,1510
10208,石柱,1170
10208,巫溪,1422
10208,潼南,1059
10208,合川,1094
10208,中山古镇,1448
10208,铜梁,1489
10208,秀山,1148
10208,南川,1251
10208,璧山,1313
10208,涞滩古镇,1250
10208,垫江,1434
10208,开县,1335
10208,偏岩古镇,1302
10208,龙潭古镇,1077
10208,忠县,1032
10208,白鹤梁,1206
10099,上海野生动物园,1452
10099,1933老场坊,1342
10099,外滩,1302
10099,豫园,1229
10099,上海博物馆,1391
10099,上海静安公园,1277
10099,世博,1121
10099,老码头,1051
10099,顾村公园,1029
10208,梁平,1063
10208,城口县,1100
10208,大木,1139
10208,茶山竹海,1114
10208,大足石刻,1431
10208,四面山,1314
10208,华岩寺,1459
10208,十八梯,1226
10208,黑山谷,1300
10208,武隆仙女山,1475
10320,蓟县,4087
10320,塘沽,1117
10320,盘山,1098
10320,武清,1365
10320,七里海,1223
10320,津湾广场,1395
10320,五大道,1474
10320,意大利风情街,1265
10320,黄崖关长城,1405
10177,温哥华,2346
10177,多伦多,2407
10177,班夫国家公园,1333
10177,蒙特利尔,1942
10177,卡尔加里,1412
10177,加拿大落基山国家公园群,1641
10177,维多利亚,2067
10177,魁北克,1881
10177,渥太华,2029
10177,黄刀镇,1302
10177,尼亚加拉,1342
10177,贾斯珀国家公园,1263
10177,尼亚加拉瀑布城,1157
10177,惠斯勒,1644
10177,金斯顿,1583
10177,埃德蒙顿,1505
10177,温哥华岛,1246
10177,悉尼(新斯科舍),1071
10177,里士满(加拿大),1506
10177,坎卢普斯,1046
10177,基洛纳,1416
10177,北温哥华,1234
10177,伦敦(安大略省),1128
10177,哈利法克斯,1273
10177,史密斯堡,1366
10177,白石镇,1105
10177,高贵林,1057
10177,丘吉尔,1186
10177,首府地区,1085
10177,怀特霍斯,1225
10177,纽芬兰岛,1073
10177,皮尔区,1087
10177,阿冈昆省立公园,1043
10177,哈密尔顿,1063
10177,本那比,1198
10177,萨里,1476
10177,特鲁罗,1499
10177,枫树岭,1430
10177,圣约翰,1021
10177,滑铁卢,1102
10177,艾伯尼-格里夸,1443
10177,Stratford,1116
10177,蒙克顿,1450
10177,夏洛特顿,1022
10177,温莎,1018
10177,温尼伯,1384
10177,戈尔登,1317
10177,萨斯卡通,1458
10177,布雷顿角岛,1301
10177,坎莫尔,1472
10177,托菲诺,1368
10177,斯阔米什,1266
10177,南安普顿,1492
10177,纳奈莫,1280
10177,里穆斯基,1320
10177,温莎,1501
10177,加斯佩,1306
10177,中奥肯拿根,1329
10177,道森城,1108
10177,菲尔德,1041
10177,马尼托巴省,1244
10177,里贾纳,1492
10177,塔伯拉山,1431
10177,弗农,1413
10177,利物浦,1202
10177,弗兰特纳克,1323
10177,瓦特顿湖国家公园,1196
10177,路易斯堡,1487
10177,锡姆科,1170
10177,蒂米斯卡明,1201
10177,北湾,1403
10177,布雷斯布里奇,1044
10177,穆斯科卡,1311
10177,约克区,1160
10177,马尼图林,1351
10177,Lanark,1348
10177,莱姆顿,1288
10177,滨湖尼亚加拉,1232
10177,肯诺拉,1247
10177,帕里桑德,1169
10177,诺森伯兰,1385
10177,尼科莱-亚马斯卡,1304
10177,七岛港,1108
10177,法罗,1475
10177,哥伦比亚冰原,1426
10177,诺曼韦尔斯,1022
10177,因纽维克,1084
10177,Témiscouata,1094
10177,庞纳唐,1124
10177,特鲁瓦皮斯托勒,1236
10177,佩尔塞,1094
10177,卡文迪什,1172
10177,昆斯,1457
10177,萨默塞德,1465
10177,Montague,1408
10177,森特惠灵顿,1224
10177,苏里斯,1345
10177,皮克角,1174
10177,拜圣保罗,1059
10177,圣杰罗姆,1075
10177,卡沃萨湖,1043
10177,格兰比,1447
10177,塔多萨克,1144
10177,奥库得里岛,1240
10177,拉克圣让,1081
10177,昆蒂岛,1155
10177,普拉森特湾,1282
10177,汤普森,1017
10177,科纳布鲁克,1394
10177,格兰德福尔斯,1031
10177,海峡镇,1147
10177,登肯,1103
10177,彭蒂克顿,1201
10177,鲁珀特王子港,1091
10177,舒美尼斯,1407
10177,甘德,1091
10177,特里尼蒂,1325
10160,里约热内卢,1506
10160,圣保罗,1745
10160,伊瓜苏,1196
10160,马瑙斯,1461
10160,巴拉那州,1429
10160,巴西利亚,1328
10160,萨尔瓦多市,1517
10160,纳塔尔,1441
10160,圣卡塔琳娜州,1177
10177,比林半岛,1102
10177,圣马丁斯,1435
10177,圣斯蒂芬,1344
10177,布里格斯,1195
10177,乔伊什港,1048
10177,博纳维斯塔,1333
10177,特威林盖岛,1326
10177,北奥肯拿根,1459
10177,恩德比,1002
10160,博尼图,1389
10160,亚马孙,1257
10160,奥林达,1272
10160,格兰德岛,1327
10160,ValedoCatimbauNationalPark,1242
10160,累西腓,1084
10160,欧鲁普雷图,1363
10160,圣路易斯,1449
10160,AparadosdaSerraNationalPark,1390
10160,罗赖马山,1456
10160,伯南布哥,1449
10160,伊塔蒂亚亚国家公园,1306
10160,AraguaiaNationalPark,1248
10160,CamposGeraisNationalPark,1004
10160,CavernasdoPeruaçuNationalPark,1097
10160,费尔南多·迪诺罗尼亚群岛,1373
10160,阿帕雷西达,1169
10160,BrasíliaNationalPark,1435
10160,JurubatibaSandbankNationalPark,1442
10160,SerradoPardoNationalPark,1455
10160,福塔莱萨,1317
10160,巴伊亚,1245
10160,JericoacoaraNationalPark,1336
10160,UbajaraNationalPark,1028
10160,ChapadadosVeadeirosNationalPark,1288
10160,塞阿拉州,1408
10160,MontePascoal,1309
10160,GrandeSertãoVeredasNationalPark,1217
10160,AmazôniaNationalPark,1090
10160,SerradoDivisorNationalPark,1442
10160,伊瓜苏国家公园,1104
10160,贝洛奥里藏特,1426
10160,南马托格罗索,1313
10160,马拉尼昂,1043
10160,LençóisMaranhensesNationalPark,1259
10160,ChapadadosGuimarãesNationalPark,1217
10160,奥尔冈斯山脉,1045
10160,LagoadoPeixeNationalPark,1431
10160,南里奥格兰德,1223
10160,弗洛里亚诺波利斯,1178
10160,阿雷格里港,1095
10160,FurnaFeiaNationalPark,1483
10160,PacaásNovosNationalPark,1127
10160,桑托斯,1120
10160,AraucáriasNationalPark,1219
10160,JuruenaNationalPark,1121
10160,PantanalMatogrossenseNationalPark,1232
10160,IlhaGrandeNationalPark,1325
11684,Guardalavaca,1205
11684,拉斯图纳斯,1228
11684,卡马圭,1187
11684,努埃维塔斯,1415
11684,吉希拉,1365
11684,奥尔金,1379
11684,新赫罗纳,1443
11684,关塔那摩,1251
11684,南圣安东尼奥,1297
11684,比那尔德里奥,1274
11684,巴拉科阿,1102
11684,谢戈德阿维拉,1395
11684,科科岛,1438
11684,大哈圭,1045
11684,马坦萨斯,1437
11684,卡利梅特,1319
11684,阿尔特米萨,1395
11684,LasTerrazas,1462
10160,ChapadaDiamantinaNationalPark,1078
10160,CaboOrangeNationalPark,1083
10160,马塞约,1332
10160,雅乌国家公园,1227
10160,PicodaNeblinaNationalPark,1153
10160,AbrolhosMarineNationalPark,1122
10160,艾玛斯国家公园,1430
10160,ChapadadasMesasNationalPark,1360
10160,米纳斯吉拉斯,1397
11684,卡尔德纳斯,1147
11684,圣安东尼奥德洛斯巴尼奥斯,1309
11684,凯瓦连,1437
11684,南孔索拉西翁,1317
11684,圣斯皮里图斯,1318
11684,大萨瓜,1339
11684,雷梅迪奥斯,1158
11684,马尼卡拉瓜,1010
11684,普拉塞塔斯,1075
11684,瓜纳瓦科阿,1214
11656,坎昆,1606
11656,墨西哥城,1455
11656,瓜纳华托,1082
11656,奇琴伊察,1465
11656,蒂华纳,1207
11656,梅里达,1226
11656,瓜达拉哈拉,1332
11656,尤卡坦半岛,1195
11656,瓦哈卡,1277
11656,图卢姆,1071
11656,帕伦克,1431
11656,女人岛,1010
11656,塔斯科,1131
11656,科苏梅尔岛,1237
11656,乌斯马尔,1324
11656,普埃布拉,1489
11656,RealdeCatorce,1153
11656,圣胡安特奥蒂瓦坎,1120
11656,巴亚尔塔港,1162
11656,洛斯卡沃斯,1347
11656,卡波圣卢卡斯,1141
11656,奇瓦瓦,1440
11656,巴亚多利德,1303
11656,韦拉克鲁斯,1500
11656,圣米格尔-德阿连德,1007
11656,圣克里斯托瓦尔-德拉斯卡萨斯,1109
11656,圣路易斯波托西,1266
11656,维多利亚城,1013
11656,马利纳尔科,1093
11656,科巴,1467
11656,Sayulita,1280
11656,帕丘卡,1403
11656,普拉亚卡门,1453
11656,RíoLagartos,1078
11656,莫雷利亚,1076
11656,坎佩切,1357
11656,拉巴斯,1356
11656,马萨特兰,1123
11656,恩塞纳达港,1226
11656,萨卡特卡斯,1328
11656,阿瓜斯卡连特斯,1073
11656,Tequisquiapan,1371
11656,巴耶斯城,1025
11656,乔卢拉,1004
11656,安赫尔港,1288
11656,Cuetzalán,1061
11656,奥里萨巴,1209
11656,马塔莫罗斯,1438
11656,特拉斯卡拉,1185
11656,新拉雷多,1481
11656,雷诺萨,1165
11656,圣地亚哥-图斯特拉,1184
11656,坦皮科,1447
11656,Huamantla,1057
11656,卡特马科,1484
11656,Xico,1405
11656,图斯潘,1222
11656,圣安德烈-图斯特拉,1096
11656,Cordoba,1303
11656,科阿特佩克,1236
11656,科马尔卡尔科,1229
11656,比亚埃尔莫萨,1161
11656,埃尔富埃尔特,1112
11656,波丘特拉,1150
11656,瓦图斯科,1019
11656,特万特佩克,1477
11656,胡奇坦,1378
11656,Mazunte,1307
11656,特瓦坎,1110
11656,希里特拉,1428
11656,普拉特罗斯,1457
11656,埃斯孔迪多港,1023
11656,基诺港,1489
11656,洛斯莫奇斯,1350
11656,特拉克塔尔潘,1329
11656,哈拉帕,1019
11656,阿拉莫斯,1070
11656,瓜伊马斯,1172
11656,帕潘特拉,1273
11656,SanCarlos,1132
11656,瓜达卢佩,1354
11656,佩尼亚斯科港,1170
11656,诺加莱斯,1033
11656,福尔廷德拉斯弗洛雷斯,1032
11656,伊萨马尔,1191
11656,曼萨尼约,1309
11656,Cuyutlán,1129
11656,Comala,1384
11656,帕拉斯,1288
11656,彼得拉斯内格拉斯,1092
11656,杜兰戈,1495
11656,波索斯,1445
11656,伊斯塔帕,1296
11656,Troncones,1304
11656,锡瓦塔内霍,1336
11656,莱昂,1384
11656,多洛雷斯-伊达尔戈,1095
11656,托雷翁,1058
11656,华雷斯城,1192
11656,塔帕丘拉,1158
11656,特拉内瓦,1479
11656,圣罗萨莉亚,1464
11656,洛雷托,1301
11656,穆莱赫,1405
11656,PuertoArista,1355
11656,科米坦,1254
11656,克雷尔,1078
11656,库奥特莫克,1463
11656,伊达尔戈-德尔帕拉尔,1417
11656,Madera,1382
11656,TuladeAllende,1096
11656,特基拉,1184
11656,普罗格雷索,1332
11656,Ticul,1080
11656,圣何塞德尔卡沃,1047
11656,塞莱斯通,1298
11656,托多斯桑托斯,1239
11656,格雷罗内格罗,1348
11656,帕茨夸罗,1028
11656,库奥特拉,1242
11656,莫雷洛斯州,1421
11656,迪坡斯特兰,1443
11656,库埃纳瓦卡,1041
11656,乌鲁阿潘,1318
11656,奥尔沃克斯岛,1426
11656,艾库玛尔,1290
11005,利马,1511
11005,马丘比丘,1357
11005,库斯科,1600
11005,纳斯卡,1057
11005,阿雷基帕,1490
11005,普诺,1087
11005,马尔多纳多港,1250
11005,皮斯科,1303
11005,伊卡,1404
11005,Huacachina,1424
11005,胡利亚卡,1228
11005,伊洛,1269
11005,上钦查,1383
11005,卡马纳,1214
11005,奇瓦伊,1223
11044,南迪,1219
11044,苏瓦,1261
11044,巴省,1005
11044,托阔里奇岛,1319
11044,太平洋港口,1208
11044,丹那劳岛,1359
11044,玛纳岛,1064
11044,BeachcomberIsland,1214
11044,萨武萨武,1454
11044,纳努亚巴拉瓦岛,1093
11044,拉奇拉奇,1436
11044,Navala,1496
11044,NavitiIsland,1073
11044,Matacawalevu,1084
11044,拉巴萨,1121
11044,Waiyevo,1292
11044,莱武卡,1166
11044,Matei,1376
11044,WayasewaIsland,1000
11044,Natadola,1376
11044,Malolo,1294
11044,克罗托格,1197
11044,Tavewa,1333
11044,Vomo,1066
11044,Sigatoka,1278
11044,TreasureIsland,1072
11044,Momi,1159
11656,巴拉-德纳维达,1136
11656,查帕拉,1275
11656,Mazamitla,1185
11656,圣帕特西里奥-梅拉克,1346
11656,Tapalpa,1225
11656,Ajijic,1487
11656,Tepotzotlán,1410
11656,切图马尔,1021
11656,Xcalak,1406
10344,帕皮提,1165
11761,路易港,1328
11761,大湾,1303
11761,庞波慕斯,1362
11761,罗德里格斯,1312
11761,弗利康弗拉克,1362
11761,马埃堡,1247
11761,阿加莱加群岛,1132
11761,加布里埃尔岛,1229
11761,苏亚克(毛里求斯),1373
11761,卡加多斯-卡拉若斯群岛,1134
11761,马蒂兰港,1285
11761,居尔皮普,1461
11761,沙马雷勒,1166
11761,拉戈莱特,1263
11761,莫卡,1014
11761,塔马兰,1243
11761,马勒勒角,1063
16827,马埃岛,1126
16827,普拉兰,1213
16827,拉迪格岛,1464
16827,博瓦隆,1057
16827,锡卢埃特岛,1281
10029,内罗毕,1790
10029,马赛马拉国家保护区,1560
10029,纳库鲁,1441
10029,蒙巴萨,1164
10029,拉姆岛,1412
10029,桑布鲁,1454
10029,迪亚尼海滩,1182
10029,基西,1199
10029,马林迪,1038
10029,纳纽基,1379
10029,纳罗莫鲁,1226
10029,梅鲁,1093
10029,瓦塔穆,1119
10029,Voi,1487
10029,基利菲,1399
10029,乌库达,1234
10029,尼耶利,1134
10029,Limuru,1130
10029,基塔莱,1028
10029,尼亚胡鲁鲁,1105
10029,纳曼加,1498
10029,洛德瓦尔,1069
10029,凯里乔,1355
10029,纳罗克,1442
10029,卡卡梅加,1033
10029,奔戈马,1275
10029,埃尔多雷特,1143
10029,希莫尼,1429
10029,Bamburi,1073
10029,Karen,1427
10029,马查科斯,1359
10029,马萨比特,1035
10029,伊西奥洛,1090
10029,Mtwapa,1452
17439,塔那那利佛,1350
17439,穆龙达瓦,1209
17439,贝岛,1070
17439,图利亚拉,1393
17439,陶拉纳鲁,1125
17439,安齐拉纳纳,1049
17439,安巴拉沃,1187
17439,布拉哈岛,1095
